trading_account,correct,wrong
102031089,Live\AGNT,Live\B\S\R\C00R00_SW
102031103,Live\B\E\R\C05R00_SW,Live\B\S\R\C00R00_SW
102036160,Live\B\S\R\C00R00,Live\B\S\R\C00R00_SW
102031222,Live\HT_R_LL_1,Live\B\S\R\C00R00_SW
102031224,Live\HT_R_LL_1,Live\B\S\R\C00R00_SW
102031239,Live\HT_R_LL_1,Live\B\S\R\C00R00_SW
102031284,Live\B\E\R\C05R00_SW,Live\B\S\R\C00R00_SW
102031268,Live\HT_R_LL_1,Live\B\S\R\C00R00_SW
102031309,Live\HT_R_LL_1,Live\B\S\R\C00R00_SW
102031313,Live\B\S\CC\C00R00_MU30_SW,Live\B\S\R\C00R00_SW
102031314,Live\HT_R_LL_1,Live\B\S\R\C00R00_SW
102031318,Live\B\S\CC\C00R00_MU30_SW,Live\B\S\R\C00R00_SW
102031319,Live\B\S\CC\C00R00_MU30_CTR_SW,Live\B\S\R\C00R00_SW
102031321,Live\HT_R_LL_1,Live\B\S\R\C00R00_SW
102031331,Live\HT_R_LL_1,Live\B\S\R\C00R00_SW
102031347,Live\HT_R_LL_1,Live\B\S\R\C00R00_SW
102031348,Live\B\S\CC\C00R00_MU30_SW,Live\B\S\R\C00R00_SW
102031325,Live\HT_R_LL_1,Live\B\S\R\C00R00_SW
102031330,Live\B\S\CC\C00R00_MU30_SW,Live\B\S\R\C00R00_SW
102031353,Live\B\S\CC\C00R00_MU90,Live\B\S\R\C00R00_SW
102031355,Live\B\S\CC\C00R00_MU30_SW,Live\B\S\R\C00R00_SW
102031357,Live\B\E\R\C05R00_SW,Live\B\S\R\C00R00_SW
102031367,Live\B\S\CC\C00R00_MU30_SW,Live\B\S\R\C00R00_SW
102031371,Live\HT_R_LL_1,Live\B\S\R\C00R00_SW
102031372,Live\B\S\CC\C00R00_MU30,Live\B\S\R\C00R00_SW
102031378,Live\B\S\CC\C00R00_MU30_SW,Live\B\S\R\C00R00_SW
102031391,Live\HT_R_LL_1,Live\B\S\R\C00R00_SW
102031395,Live\B\S\CC\C00R00_MU30_SW,Live\B\S\R\C00R00_SW
102031393,Live\B\S\CC\C00R00_MU30,Live\B\S\R\C00R00_SW
102031401,Live\B\S\CC\C00R00_MU30_SW,Live\B\S\R\C00R00_SW
102031403,Live\B\S\CC\C00R00_MU30_SW,Live\B\S\R\C00R00_SW
102031404,Live\B\S\CC\C00R00_MU30_SW,Live\B\S\R\C00R00_SW
102031414,Live\B\S\R\C00R00,Live\B\S\R\C00R00_SW
102031416,Live\B\S\CC\C00R00_MU30_SW,Live\B\S\R\C00R00_SW
102031421,Live\B\S\CC\C00R00_MU30_SW,Live\B\S\R\C00R00_SW
102031422,Live\B\S\R\C00R00,Live\B\S\R\C00R00_SW
102031423,Live\B\S\R\C00R00,Live\B\S\R\C00R00_SW
102031430,Live\B\S\R\C00R00,Live\B\S\R\C00R00_SW
102031433,Live\B\S\CC\C00R00_MU30_SW,Live\B\S\R\C00R00_SW
102031432,Live\HT_R_LL_1,Live\B\S\R\C00R00_SW
102031437,Live\B\S\CC\C00R00_MU30_SW,Live\B\S\R\C00R00_SW
102031424,Live\HT_R_LL_1,Live\B\S\R\C00R00_SW
102031426,Live\B\S\CC\C00R00_MU30,Live\B\S\R\C00R00_SW
102031428,Live\B\S\CC\C00R00_MU90_SW,Live\B\S\R\C00R00_SW
102031445,Live\B\S\CC\C00R00_MU90_SW,Live\B\S\R\C00R00_SW
102031459,Live\B\P\R\C00R00_SW,Live\B\S\R\C00R00_SW
102031447,Live\B\S\CC\C00R00_MU30_SW,Live\B\S\R\C00R00_SW
102031453,Live\HT_R_LL_1,Live\B\S\R\C00R00_SW
102031457,Live\AGNT,Live\B\S\R\C00R00_SW
102031458,Live\B\S\CC\C00R00_MU30_SW,Live\B\S\R\C00R00_SW
102031449,Live\B\S\CC\C00R00_MU30_SW,Live\B\S\R\C00R00_SW
102031466,Live\B\S\R\C00R00,Live\B\S\R\C00R00_SW
102031467,Live\B\S\CC\C00R00_MU30_SW,Live\B\S\R\C00R00_SW
102031470,Live\B\S\CC\C00R00_MU30_SW,Live\B\S\R\C00R00_SW
102031471,Live\B\S\CC\C00R00_MU30_SW,Live\B\S\R\C00R00_SW
102031472,Live\B\S\CC\C00R00_MU90_SW,Live\B\S\R\C00R00_SW
102031473,Live\B\S\CC\C00R00_MU30_SW,Live\B\S\R\C00R00_SW
102031465,Live\B\S\CC\C00R00_MU30_SW,Live\B\S\R\C00R00_SW
102031474,Live\B\S\CC\C00R00_MU30_SW,Live\B\S\R\C00R00_SW
102031476,Live\B\S\CC\C00R00_MU30_SW,Live\B\S\R\C00R00_SW
102031475,Live\B\P\R\C00R00,Live\B\S\R\C00R00_SW
102031483,Live\AGNT,Live\B\S\R\C00R00_SW
102031486,Live\B\S\CC\C00R00_MU90,Live\B\S\R\C00R00_SW
102031488,Live\B\S\CC\C00R00_MU30_SW,Live\B\S\R\C00R00_SW
102031505,Live\B\S\CC\C00R00_MU90_SW,Live\B\S\R\C00R00_SW
102031510,Live\B\S\CC\C00R00_MU30_SW,Live\B\S\R\C00R00_SW
102031511,Live\HT_R_LL_1,Live\B\S\R\C00R00_SW
102031507,Live\B\S\CC\C00R00_MU30,Live\B\S\R\C00R00_SW
102031506,Live\B\S\CC\C00R00_MU30,Live\B\S\R\C00R00_SW
102031517,Live\B\S\R\C00R00,Live\B\S\R\C00R00_SW
102031518,Live\B\S\CC\C00R00_MU30_SW,Live\B\S\R\C00R00_SW
102031522,Live\B\S\CC\C00R00_MU30_SW,Live\B\S\R\C00R00_SW
102031514,Live\AGNT,Live\B\S\R\C00R00_SW
102031535,Live\HT_R_LL_1,Live\B\S\R\C00R00_SW
102031536,Live\B\S\R\C00R00,Live\B\S\R\C00R00_SW
102031563,Live\B\S\R\C00R00,Live\B\S\R\C00R00_SW
102031566,Live\B\S\R\C00R00,Live\B\S\R\C00R00_SW
102031564,Live\AGNT,Live\B\S\R\C00R00_SW
102031571,Live\HT_R_LL_1,Live\B\S\R\C00R00_SW
102031537,Live\B\P\R\C00R00,Live\B\S\R\C00R00_SW
102031567,Live\B\S\CC\C00R00_MU30,Live\B\S\R\C00R00_SW
102031569,Live\B\S\CC\C00R00_MU30_SW,Live\B\S\R\C00R00_SW
102031586,Live\B\S\CC\C00R00_MU90_SW,Live\B\S\R\C00R00_SW
102031582,Live\AGNT,Live\B\S\R\C00R00_SW
102031591,Live\B\S\CC\C00R00_MU30_SW,Live\B\S\R\C00R00_SW
102031595,Live\B\S\CC\C00R00_MU30_SW,Live\B\S\R\C00R00_SW
102031602,Live\B\S\CC\C00R00_MU30_SW,Live\B\S\R\C00R00_SW
102031607,Live\HT_R_LL_1,Live\B\S\R\C00R00_SW
102031609,Live\B\S\CC\C00R00_MU90_SW,Live\B\S\R\C00R00_SW
102031610,Live\B\S\CC\C00R00_MU30,Live\B\S\R\C00R00_SW
102031620,Live\B\S\R\C00R00,Live\B\S\R\C00R00_SW
102031621,Live\AGNT,Live\B\S\R\C00R00_SW
102031623,Live\B\S\CC\C00R00_MU30_SW,Live\B\S\R\C00R00_SW
102031626,Live\B\S\CC\C00R00_MU30_SW,Live\B\S\R\C00R00_SW
102031627,Live\B\S\CC\C00R00_MU30_SW,Live\B\S\R\C00R00_SW
102031628,Live\B\S\CC\C00R00_MU30_SW,Live\B\S\R\C00R00_SW
102031629,Live\B\S\CC\C00R00_MU30_SW,Live\B\S\R\C00R00_SW
102031645,Live\B\S\CC\C00R00_MU30_SW,Live\B\S\R\C00R00_SW
102031654,Live\B\S\CC\C00R00_SW,Live\B\S\R\C00R00_SW
102031657,Live\B\S\R\C00R00,Live\B\S\R\C00R00_SW
102031660,Live\B\E\IB\C12R00_SW,Live\B\S\R\C00R00_SW
102031661,Live\AGNT,Live\B\S\R\C00R00_SW
102031664,Live\B\S\CC\C00R00_MU30_SW,Live\B\S\R\C00R00_SW
102031666,Live\B\S\CC\C00R00_MU30,Live\B\S\R\C00R00_SW
102031669,Live\AGNT,Live\B\S\R\C00R00_SW
102031673,Live\B\S\R\C00R00,Live\B\S\R\C00R00_SW
102031676,Live\B\S\CC\C00R00_MU30_SW,Live\B\S\R\C00R00_SW
102031682,Live\B\S\CC\C00R00_MU30_SW,Live\B\S\R\C00R00_SW
102031684,Live\B\P\R\C00R00,Live\B\S\R\C00R00_SW
102031685,Live\B\S\CC\C00R00_MU90_SW,Live\B\S\R\C00R00_SW
102031696,Live\B\S\CC\C00R00_MU30_SW,Live\B\S\R\C00R00_SW
102031699,Live\B\P\CC\C00R00_MU30_SW,Live\B\S\R\C00R00_SW
102031705,Live\B\S\R\C00R00,Live\B\S\R\C00R00_SW
102031702,Live\B\P\R\C00R00,Live\B\S\R\C00R00_SW
102031692,Live\B\S\CC\C00R00_MU30_SW,Live\B\S\R\C00R00_SW
102031707,Live\B\S\CC\C00R00_MU30_SW,Live\B\S\R\C00R00_SW
102031708,Live\B\S\CC\C00R00_MU30_SW,Live\B\S\R\C00R00_SW
102031709,Live\HT_R_LL_1,Live\B\S\R\C00R00_SW
102031712,Live\HT_R_LL_1,Live\B\S\R\C00R00_SW
102031714,Live\B\S\CC\C00R00_MU90_SW,Live\B\S\R\C00R00_SW
102031721,Live\B\S\CC\C00R00_MU90_SW,Live\B\S\R\C00R00_SW
102031724,Live\B\S\R\C00R00,Live\B\S\R\C00R00_SW
102031725,Live\B\S\CC\C00R00_MU90_SW,Live\B\S\R\C00R00_SW
102031726,Live\B\S\CC\C00R00_MU90_SW,Live\B\S\R\C00R00_SW
102031715,Live\B\S\R\C00R00,Live\B\S\R\C00R00_SW
102031728,Live\A\S\IB\C00R00_MU5_SW,Live\B\S\R\C00R00_SW
102031729,Live\B\S\CC\C00R00_MU90_SW,Live\B\S\R\C00R00_SW
102031730,Live\B\S\CC\C00R00_MU30_SW,Live\B\S\R\C00R00_SW
102031731,Live\B\S\R\C00R00,Live\B\S\R\C00R00_SW
102031735,Live\AGNT,Live\B\S\R\C00R00_SW
102031732,Live\B\S\CC\C00R00_MU90_SW,Live\B\S\R\C00R00_SW
102031747,Live\B\S\CC\C00R00_MU30_SW,Live\B\S\R\C00R00_SW
102031745,Live\B\S\CC\C00R00_MU30,Live\B\S\R\C00R00_SW
102031754,Live\HT_R_LL_1,Live\B\S\R\C00R00_SW
102031752,Live\B\S\R\C00R00,Live\B\S\R\C00R00_SW
102031758,Live\B\S\CC\C00R00_MU30_SW,Live\B\S\R\C00R00_SW
102031764,Live\B\S\CC\C00R00_MU30,Live\B\S\R\C00R00_SW
102031765,Live\AGNT,Live\B\S\R\C00R00_SW
102031766,Live\B\S\CC\C00R00_MU30,Live\B\S\R\C00R00_SW
102031767,Live\B\S\CC\C00R00_MU30_SW,Live\B\S\R\C00R00_SW
102031784,Live\B\S\CC\C00R00_MU30_SW,Live\B\S\R\C00R00_SW
102031790,Live\B\S\CC\C00R00_MU30_SW,Live\B\S\R\C00R00_SW
102031774,Live\B\S\R\C00R00,Live\B\S\R\C00R00_SW
102031788,Live\B\S\CC\C00R00_MU90_SW,Live\B\S\R\C00R00_SW
102031808,Live\B\S\CC\C00R00_MU30_SW,Live\B\S\R\C00R00_SW
102031809,Live\B\S\R\C00R00,Live\B\S\R\C00R00_SW
102031800,Live\B\S\CC\C00R00_MU90_SW,Live\B\S\R\C00R00_SW
102031816,Live\B\P\R\C00R00_SW,Live\B\S\R\C00R00_SW
102031817,Live\B\S\CC\C00R00_MU90_SW,Live\B\S\R\C00R00_SW
102031818,Live\B\S\CC\C00R00_MU30,Live\B\S\R\C00R00_SW
102031823,Live\B\S\CC\C00R00_MU30,Live\B\S\R\C00R00_SW
102031825,Live\B\S\CC\C00R00_MU90_SW,Live\B\S\R\C00R00_SW
102031813,Live\B\S\R\C00R00,Live\B\S\R\C00R00_SW
102031814,Live\B\P\R\C00R00_SW,Live\B\S\R\C00R00_SW
102031821,Live\B\S\R\C00R00,Live\B\S\R\C00R00_SW
102031828,Live\B\S\CC\C00R00_MU30_SW,Live\B\S\R\C00R00_SW
102031834,Live\HT_R_LL_1,Live\B\S\R\C00R00_SW
102031838,Live\B\S\CC\C00R00_MU90_SW,Live\B\S\R\C00R00_SW
102031833,Live\B\S\CC\C00R00_MU90_SW,Live\B\S\R\C00R00_SW
102031841,Live\B\P\R\C00R00_SW,Live\B\S\R\C00R00_SW
102031840,Live\B\S\CC\C00R00_MU30_SW,Live\B\S\R\C00R00_SW
102031848,Live\B\S\CC\C00R00_MU90_SW,Live\B\S\R\C00R00_SW
102031853,Live\B\S\CC\C00R00_MU90_SW,Live\B\S\R\C00R00_SW
102031857,Live\B\S\R\C00R00,Live\B\S\R\C00R00_SW
102031855,Live\B\S\CC\C00R00_MU90_SW,Live\B\S\R\C00R00_SW
102031858,Live\B\S\CC\C00R00_SW,Live\B\S\R\C00R00_SW
102031845,Live\B\S\R\C00R00,Live\B\S\R\C00R00_SW
102031864,Live\B\S\CC\C00R00_MU90_SW,Live\B\S\R\C00R00_SW
102031865,Live\B\S\CC\C00R00_MU90,Live\B\S\R\C00R00_SW
102031870,Live\HT_R_LL_1,Live\B\S\R\C00R00_SW
102031860,Live\B\S\CC\C00R00_MU90_SW,Live\B\S\R\C00R00_SW
102031871,Live\B\S\CC\C00R00_MU30_SW,Live\B\S\R\C00R00_SW
102031863,Live\B\S\CC\C00R00_MU90_SW,Live\B\S\R\C00R00_SW
102031876,Live\B\S\CC\C00R00_MU90,Live\B\S\R\C00R00_SW
102031877,Live\B\S\R\C00R00,Live\B\S\R\C00R00_SW
102031881,Live\B\S\CC\C00R00_MU90_SW,Live\B\S\R\C00R00_SW
102031883,Live\B\S\R\C00R00,Live\B\S\R\C00R00_SW
102031889,Live\B\S\CC\C00R00_MU90_SW,Live\B\S\R\C00R00_SW
102031885,Live\B\S\CC\C00R00_MU90_SW,Live\B\S\R\C00R00_SW
102031899,Live\B\S\CC\C00R00_MU90_SW,Live\B\S\R\C00R00_SW
102031900,Live\B\S\CC\C00R00_MU90_SW,Live\B\S\R\C00R00_SW
102031907,Live\B\S\CC\C00R00_MU90_SW,Live\B\S\R\C00R00_SW
102031890,Live\B\S\CC\C00R00_SW,Live\B\S\R\C00R00_SW
102031912,Live\HT_R_LL_1,Live\B\S\R\C00R00_SW
102031915,Live\B\S\CC\C00R00_MU90_SW,Live\B\S\R\C00R00_SW
102031916,Live\HT_R_LL_1,Live\B\S\R\C00R00_SW
102031914,Live\B\S\CC\C00R00_MU90_SW,Live\B\S\R\C00R00_SW
102031913,Live\B\S\CC\C00R00_MU90_SW,Live\B\S\R\C00R00_SW
102031891,Live\B\S\CC\C00R00_MU90_SW,Live\B\S\R\C00R00_SW
102031923,Live\B\S\CC\C00R00_MU90_SW,Live\B\S\R\C00R00_SW
102031926,Live\B\S\CC\C00R00_MU90_SW,Live\B\S\R\C00R00_SW
102031946,Live\B\S\CC\C00R00_MU30,Live\B\S\R\C00R00_SW
102031945,Live\B\S\CC\C00R00_MU90_SW,Live\B\S\R\C00R00_SW
102031950,Live\HT_R_LL_1,Live\B\S\R\C00R00_SW
102031943,Live\B\S\R\C00R00,Live\B\S\R\C00R00_SW
102031948,Live\B\S\CC\C00R00_MU90_SW,Live\B\S\R\C00R00_SW
102031954,Live\B\S\CC\C00R00_MU90,Live\B\S\R\C00R00_SW
102031963,Live\B\S\CC\C00R00_MU90_SW,Live\B\S\R\C00R00_SW
102031965,Live\HT_R_LL_1,Live\B\S\R\C00R00_SW
102031967,Live\B\S\CC\C00R00_MU90_SW,Live\B\S\R\C00R00_SW
102031971,Live\B\S\CC\C00R00_MU90_SW,Live\B\S\R\C00R00_SW
102031987,Live\HT_R_LL_1,Live\B\S\R\C00R00_SW
102031989,Live\B\S\CC\C00R00_MU90_SW,Live\B\S\R\C00R00_SW
102031962,Live\B\S\CC\C00R00_MU30_SW,Live\B\S\R\C00R00_SW
102031995,Live\B\S\CC\C00R00_MU90_SW,Live\B\S\R\C00R00_SW
102031998,Live\B\S\R\C00R00,Live\B\S\R\C00R00_SW
102032005,Live\B\S\R\C00R00,Live\B\S\R\C00R00_SW
102032003,Live\HT_R_LL_1,Live\B\S\R\C00R00_SW
102032004,Live\HT_R_LL_1,Live\B\S\R\C00R00_SW
102032009,Live\B\S\CC\C00R00_MU90_SW,Live\B\S\R\C00R00_SW
102032006,Live\HT_R_LL_1,Live\B\S\R\C00R00_SW
102032023,Live\HT_R_LL_1,Live\B\S\R\C00R00_SW
102032017,Live\HT_R_LL_1,Live\B\S\R\C00R00_SW
102032040,Live\B\S\R\C00R00_SHARES,Live\B\S\R\C00R00_SW
102032030,Live\B\S\CC\C00R00_MU30,Live\B\S\R\C00R00_SW
102032022,Live\HT_R_LL_1,Live\B\S\R\C00R00_SW
102032042,Live\B\S\CC\C00R00_MU90_SW,Live\B\S\R\C00R00_SW
102032037,Live\AGNT,Live\B\S\R\C00R00_SW
102032046,Live\HT_R_LL_1,Live\B\S\R\C00R00_SW
102032043,Live\B\S\CC\C00R00_MU90_SW,Live\B\S\R\C00R00_SW
102032044,Live\B\S\CC\C00R00_MU90_SW,Live\B\S\R\C00R00_SW
102032039,Live\HT_R_LL_1,Live\B\S\R\C00R00_SW
102032041,Live\HT_R_LL_1,Live\B\S\R\C00R00_SW
102032047,Live\B\S\CC\C00R00_MU90_SW,Live\B\S\R\C00R00_SW
102032048,Live\HT_R_LL_1,Live\B\S\R\C00R00_SW
102032049,Live\B\S\CC\C00R00_MU30,Live\B\S\R\C00R00_SW
102032053,Live\B\S\CC\C00R00_MU90_SW,Live\B\S\R\C00R00_SW
102032054,Live\HT_R_LL_1,Live\B\S\R\C00R00_SW
102032066,Live\B\S\CC\C00R00_MU90_SW,Live\B\S\R\C00R00_SW
102032067,Live\HT_R_LL_1,Live\B\S\R\C00R00_SW
102032076,Live\B\S\CC\C00R00_MU30_SW,Live\B\S\R\C00R00_SW
102032079,Live\B\S\CC\C00R00_SW,Live\B\S\R\C00R00_SW
102032083,Live\B\S\CC\C00R00_MU90_SW,Live\B\S\R\C00R00_SW
102032084,Live\HT_R_LL_1,Live\B\S\R\C00R00_SW
102032087,Live\B\S\CC\C00R00_MU90_SW,Live\B\S\R\C00R00_SW
102032088,Live\HT_R_LL_1,Live\B\S\R\C00R00_SW
102032093,Live\B\S\CC\C00R00_MU90_SW,Live\B\S\R\C00R00_SW
102032077,Live\B\S\CC\C00R00_MU90_SW,Live\B\S\R\C00R00_SW
102032090,Live\B\S\CC\C00R00_MU90_SW,Live\B\S\R\C00R00_SW
102032091,Live\B\S\CC\C00R00_MU30_SW,Live\B\S\R\C00R00_SW
102032097,Live\HT_R_LL_1,Live\B\S\R\C00R00_SW
102032098,Live\B\S\R\C00R00,Live\B\S\R\C00R00_SW
102032100,Live\B\S\CC\C00R00_MU90_SW,Live\B\S\R\C00R00_SW
102032105,Live\B\S\CC\C00R00_MU90_SW,Live\B\S\R\C00R00_SW
102032121,Live\B\S\CC\C00R00_MU90_SW,Live\B\S\R\C00R00_SW
102032123,Live\B\S\CC\C00R00_MU90_SW,Live\B\S\R\C00R00_SW
102032124,Live\B\S\R\C00R00,Live\B\S\R\C00R00_SW
102032127,Live\HT_R_LL_1,Live\B\S\R\C00R00_SW
102032131,Live\B\S\CC\C00R00_MU90_SW,Live\B\S\R\C00R00_SW
102032135,Live\B\S\R\C00R00,Live\B\S\R\C00R00_SW
102032120,Live\B\S\CC\C00R00_MU90_SW,Live\B\S\R\C00R00_SW
102032132,Live\B\S\CC\C00R00_MU90_SW,Live\B\S\R\C00R00_SW
102032136,Live\B\S\R\C00R00,Live\B\S\R\C00R00_SW
102032138,Live\B\S\CC\C00R00_MU30_SW,Live\B\S\R\C00R00_SW
102032139,Live\B\S\CC\C00R00_MU90_SW,Live\B\S\R\C00R00_SW
102032140,Live\HT_R_LL_1,Live\B\S\R\C00R00_SW
102032146,Live\B\S\CC\C00R00_MU90_SW,Live\B\S\R\C00R00_SW
102032149,Live\B\S\CC\C00R00_MU90_SW,Live\B\S\R\C00R00_SW
102032147,Live\B\S\R\C00R00,Live\B\S\R\C00R00_SW
102032155,Live\B\S\CC\C00R00_MU90_SW,Live\B\S\R\C00R00_SW
102032159,Live\B\S\CC\C00R00_MU90_SW,Live\B\S\R\C00R00_SW
102032170,Live\B\S\CC\C00R00_MU30,Live\B\S\R\C00R00_SW
102032145,Live\AGNT,Live\B\S\R\C00R00_SW
102032174,Live\B\S\CC\C00R00_MU90_SW,Live\B\S\R\C00R00_SW
102032179,Live\B\S\CC\C00R00_MU90_SW,Live\B\S\R\C00R00_SW
102032181,Live\HT_R_LL_1,Live\B\S\R\C00R00_SW
102032180,Live\HT_R_LL_1,Live\B\S\R\C00R00_SW
102032192,Live\HT_R_LL_1,Live\B\S\R\C00R00_SW
102032185,Live\B\S\CC\C00R00_MU90_SW,Live\B\S\R\C00R00_SW
102032190,Live\HT_R_LL_1,Live\B\S\R\C00R00_SW
102032195,Live\B\S\CC\C00R00_MU90_SW,Live\B\S\R\C00R00_SW
102032191,Live\B\S\R\C00R00,Live\B\S\R\C00R00_SW
102032183,Live\B\S\CC\C00R00_MU90_SW,Live\B\S\R\C00R00_SW
102032200,Live\B\S\CC\C00R00_MU90_SW,Live\B\S\R\C00R00_SW
102032197,Live\B\S\CC\C00R00_MU90_SW,Live\B\S\R\C00R00_SW
102032199,Live\B\S\CC\C00R00_MU90_SW,Live\B\S\R\C00R00_SW
102032203,Live\B\S\CC\C00R00_MU90_SW,Live\B\S\R\C00R00_SW
102032205,Live\B\S\CC\C00R00_MU90_SW,Live\B\S\R\C00R00_SW
102032207,Live\HT_R_LL_1,Live\B\S\R\C00R00_SW
102032209,Live\B\S\CC\C00R00_MU90_SW,Live\B\S\R\C00R00_SW
102032211,Live\B\P\R\C00R00,Live\B\S\R\C00R00_SW
102032212,Live\B\S\CC\C00R00_MU90_SW,Live\B\S\R\C00R00_SW
102032221,Live\HT_R_LL_1,Live\B\S\R\C00R00_SW
102032225,Live\B\S\CC\C00R00_MU30_SW,Live\B\S\R\C00R00_SW
102032226,Live\B\S\CC\C00R00_MU30_SW,Live\B\S\R\C00R00_SW
102032230,Live\B\S\CC\C00R00_MU90_SW,Live\B\S\R\C00R00_SW
102032208,Live\B\S\CC\C00R00_MU90_SW,Live\B\S\R\C00R00_SW
102032231,Live\B\S\CC\C00R00_MD8,Live\B\S\R\C00R00_SW
102032224,Live\HT_R_LL_1,Live\B\S\R\C00R00_SW
102032234,Live\B\S\CC\C00R00_MU90_SW,Live\B\S\R\C00R00_SW
102032235,Live\B\S\CC\C00R00_MU90_SW,Live\B\S\R\C00R00_SW
102032238,Live\B\S\CC\C00R00_MU30_SW,Live\B\S\R\C00R00_SW
102032241,Live\B\S\CC\C00R00_MU90_SW,Live\B\S\R\C00R00_SW
102032243,Live\B\S\CC\C00R00_MU90_SW,Live\B\S\R\C00R00_SW
102032253,Live\B\S\CC\C00R00_MU90_SW,Live\B\S\R\C00R00_SW
102032246,Live\B\S\CC\C00R00_MU90_SW,Live\B\S\R\C00R00_SW
102032252,Live\B\S\CC\C00R00_MU90_SW,Live\B\S\R\C00R00_SW
102032259,Live\B\S\CC\C00R00_MU90_SW,Live\B\S\R\C00R00_SW
102032260,Live\B\S\CC\C00R00_MU30_SW,Live\B\S\R\C00R00_SW
102032262,Live\B\S\CC\C00R00_MU90_SW,Live\B\S\R\C00R00_SW
102032258,Live\HT_R_LL_1,Live\B\S\R\C00R00_SW
102032254,Live\B\S\CC\C00R00_MU90_SW,Live\B\S\R\C00R00_SW
102032257,Live\B\S\CC\C00R00_MU90_SW,Live\B\S\R\C00R00_SW
102032263,Live\B\S\CC\C00R00_MU90_SW,Live\B\S\R\C00R00_SW
102032248,Live\B\S\CC\C00R00_MU90_SW,Live\B\S\R\C00R00_SW
102032264,Live\B\S\CC\C00R00_MU30_SW,Live\B\S\R\C00R00_SW
102032265,Live\B\S\CC\C00R00_MU90_SW,Live\B\S\R\C00R00_SW
102032266,Live\B\S\CC\C00R00_MU90_SW,Live\B\S\R\C00R00_SW
102032267,Live\B\S\CC\C00R00_MU90_SW,Live\B\S\R\C00R00_SW
102032268,Live\B\S\CC\C00R00_MU90_SW,Live\B\S\R\C00R00_SW
102032269,Live\B\S\CC\C00R00_MU90_SW,Live\B\S\R\C00R00_SW
102032276,Live\B\S\CC\C00R00_MU90_SW,Live\B\S\R\C00R00_SW
102032280,Live\B\S\CC\C00R00_MU30_SW,Live\B\S\R\C00R00_SW
102032289,Live\B\S\CC\C00R00_MU30_SW,Live\B\S\R\C00R00_SW
102032293,Live\B\S\CC\C00R00_MU90_SW,Live\B\S\R\C00R00_SW
102032271,Live\B\S\CC\C00R00_MU30_SW,Live\B\S\R\C00R00_SW
102032273,Live\B\S\CC\C00R00_MU90_SW,Live\B\S\R\C00R00_SW
102032294,Live\B\S\CC\C00R00_MU90_SW,Live\B\S\R\C00R00_SW
102032295,Live\B\E\R\C05R00_SW,Live\B\S\R\C00R00_SW
102032296,Live\B\S\CC\C00R00_MU90_SW,Live\B\S\R\C00R00_SW
102032298,Live\B\S\CC\C00R00_MU90_SW,Live\B\S\R\C00R00_SW
102032301,Live\B\S\CC\C00R00_MU90_SW,Live\B\S\R\C00R00_SW
102032304,Live\B\S\CC\C00R00_MU90_SW,Live\B\S\R\C00R00_SW
102032305,Live\B\S\CC\C00R00_SW,Live\B\S\R\C00R00_SW
102032306,Live\B\S\CC\C00R00_MU90_SW,Live\B\S\R\C00R00_SW
102032308,Live\B\S\CC\C00R00_MU90_SW,Live\B\S\R\C00R00_SW
102032310,Live\B\P\R\C00R00,Live\B\S\R\C00R00_SW
102032314,Live\B\S\CC\C00R00_MU90_SW,Live\B\S\R\C00R00_SW
102032311,Live\HT_R_LL_1,Live\B\S\R\C00R00_SW
102032313,Live\B\S\CC\C00R00_MU90_SW,Live\B\S\R\C00R00_SW
102032312,Live\B\S\R\C00R00,Live\B\S\R\C00R00_SW
102032318,Live\B\S\CC\C00R00_MU30,Live\B\S\R\C00R00_SW
102032315,Live\B\S\CC\C00R00_MU90_SW,Live\B\S\R\C00R00_SW
102032321,Live\B\S\CC\C00R00_MU90_SW,Live\B\S\R\C00R00_SW
102032323,Live\B\S\CC\C00R00_MU10_SW,Live\B\S\R\C00R00_SW
102032324,Live\B\S\CC\C00R00_MU90_SW,Live\B\S\R\C00R00_SW
102032320,Live\HT_R_LL_1,Live\B\S\R\C00R00_SW
102032325,Live\B\S\CC\C00R00_MU90_SW,Live\B\S\R\C00R00_SW
102032326,Live\B\S\R\C00R00,Live\B\S\R\C00R00_SW
102032327,Live\B\S\CC\C00R00_MU90,Live\B\S\R\C00R00_SW
102032328,Live\HT_R_LL_1,Live\B\S\R\C00R00_SW
102032330,Live\B\S\CC\C00R00_MU90_SW,Live\B\S\R\C00R00_SW
102032332,Live\B\S\CC\C00R00_MU90_SW,Live\B\S\R\C00R00_SW
102032333,Live\B\S\CC\C00R00_MU90_SW,Live\B\S\R\C00R00_SW
102032339,Live\B\S\CC\C00R00_MU90_SW,Live\B\S\R\C00R00_SW
102032342,Live\B\S\CC\C00R00_MU90_SW,Live\B\S\R\C00R00_SW
102032331,Live\B\S\CC\C00R00_MU90,Live\B\S\R\C00R00_SW
102032344,Live\B\S\CC\C00R00_MU90_SW,Live\B\S\R\C00R00_SW
102032340,Live\B\S\CC\C00R00_MU90_SW,Live\B\S\R\C00R00_SW
102032346,Live\B\S\CC\C00R00_MU90,Live\B\S\R\C00R00_SW
102032347,Live\B\S\CC\C00R00_MU90_SW,Live\B\S\R\C00R00_SW
102032351,Live\B\S\CC\C00R00_MU90_SW,Live\B\S\R\C00R00_SW
102032352,Live\B\S\CC\C00R00_MU90_SW,Live\B\S\R\C00R00_SW
102032349,Live\B\S\CC\C00R00_MU90_SW,Live\B\S\R\C00R00_SW
102032357,Live\B\S\CC\C00R00_MU90_SW,Live\B\S\R\C00R00_SW
102032355,Live\B\S\CC\C00R00_MU90_SW,Live\B\S\R\C00R00_SW
102032359,Live\B\S\CC\C00R00_MU90_SW,Live\B\S\R\C00R00_SW
102032362,Live\B\S\CC\C00R00_MU30_SW,Live\B\S\R\C00R00_SW
102032365,Live\B\S\CC\C00R00_MU90_SW,Live\B\S\R\C00R00_SW
102032366,Live\B\S\CC\C00R00_MU90_SW,Live\B\S\R\C00R00_SW
102032367,Live\B\S\CC\C00R00_MU90_SW,Live\B\S\R\C00R00_SW
102032369,Live\B\S\CC\C00R00_MU90_SW,Live\B\S\R\C00R00_SW
102032380,Live\HT_R_LL_1_SW,Live\B\S\R\C00R00_SW
102032381,Live\B\P\R\C00R00,Live\B\S\R\C00R00_SW
102032382,Live\B\S\CC\C00R00_MU90_SW,Live\B\S\R\C00R00_SW
102032388,Live\B\S\CC\C00R00_MU90_SW,Live\B\S\R\C00R00_SW
102032392,Live\B\S\CC\C00R00_MU30,Live\B\S\R\C00R00_SW
102032393,Live\B\S\CC\C00R00_MU90_SW,Live\B\S\R\C00R00_SW
102032386,Live\B\S\CC\C00R00_MU90_SW,Live\B\S\R\C00R00_SW
102032394,Live\B\S\R\C00R00,Live\B\S\R\C00R00_SW
102032395,Live\B\S\CC\C00R00_MU90_SW,Live\B\S\R\C00R00_SW
102032401,Live\B\S\CC\C00R00_MU30_SW,Live\B\S\R\C00R00_SW
102032404,Live\B\S\CC\C00R00_MU90_SW,Live\B\S\R\C00R00_SW
102032396,Live\B\S\CC\C00R00_MU90_SW,Live\B\S\R\C00R00_SW
102032397,Live\B\S\CC\C00R00_MU90_SW,Live\B\S\R\C00R00_SW
102032398,Live\B\S\CC\C00R00_MU90,Live\B\S\R\C00R00_SW
102032399,Live\B\S\CC\C00R00_MU90_SW,Live\B\S\R\C00R00_SW
102032407,Live\B\S\CC\C00R00_MU90_SW,Live\B\S\R\C00R00_SW
102032405,Live\B\S\CC\C00R00_MU90_SW,Live\B\S\R\C00R00_SW
102032410,Live\B\S\CC\C00R00_MU90_SW,Live\B\S\R\C00R00_SW
102032411,Live\B\S\CC\C00R00_MU90_SW,Live\B\S\R\C00R00_SW
102032413,Live\B\S\R\C00R00,Live\B\S\R\C00R00_SW
102032415,Live\B\S\R\C00R00,Live\B\S\R\C00R00_SW
102032417,Live\B\S\CC\C00R00_MU30_SW,Live\B\S\R\C00R00_SW
102032422,Live\B\S\CC\C00R00_MU90_SW,Live\B\S\R\C00R00_SW
102032406,Live\B\S\CC\C00R00_MU90_SW,Live\B\S\R\C00R00_SW
102032423,Live\B\S\CC\C00R00_MU30_SW,Live\B\S\R\C00R00_SW
102032424,Live\B\S\CC\C00R00_MU90_SW,Live\B\S\R\C00R00_SW
102032409,Live\B\S\CC\C00R00_MU90_SW,Live\B\S\R\C00R00_SW
102032425,Live\B\S\CC\C00R00_MU90_SW,Live\B\S\R\C00R00_SW
102032426,Live\B\S\R\C00R00,Live\B\S\R\C00R00_SW
102032429,Live\B\S\CC\C00R00_MU30,Live\B\S\R\C00R00_SW
102032434,Live\B\S\R\C00R00,Live\B\S\R\C00R00_SW
102032435,Live\B\S\CC\C00R00_MU90_SW,Live\B\S\R\C00R00_SW
102032436,Live\B\S\CC\C00R00_MU90_SW,Live\B\S\R\C00R00_SW
102032420,Live\B\S\CC\C00R00_MU90_SW,Live\B\S\R\C00R00_SW
102032437,Live\B\S\CC\C00R00_MU90_SW,Live\B\S\R\C00R00_SW
102032439,Live\B\S\CC\C00R00_MU90_SW,Live\B\S\R\C00R00_SW
102032440,Live\B\S\CC\C00R00_MU90_SW,Live\B\S\R\C00R00_SW
102032441,Live\B\S\CC\C00R00_MU90_SW,Live\B\S\R\C00R00_SW
102032442,Live\B\S\CC\C00R00_MU90_SW,Live\B\S\R\C00R00_SW
102032448,Live\HT_R_LL_1,Live\B\S\R\C00R00_SW
102032453,Live\B\S\CC\C00R00_MU90_SW,Live\B\S\R\C00R00_SW
102032444,Live\B\P\R\C00R00,Live\B\S\R\C00R00_SW
102032452,Live\B\E\R\C05R00,Live\B\S\R\C00R00_SW
102032454,Live\HT_R_LL_1,Live\B\S\R\C00R00_SW
102032455,Live\AGNT,Live\B\S\R\C00R00_SW
102032457,Live\B\S\CC\C00R00_MU90_SW,Live\B\S\R\C00R00_SW
102032458,Live\B\S\CC\C00R00_MU90_SW,Live\B\S\R\C00R00_SW
102032460,Live\B\S\CC\C00R00_MU90_SW,Live\B\S\R\C00R00_SW
102032461,Live\AGNT,Live\B\S\R\C00R00_SW
102032465,Live\B\S\CC\C00R00_MU30_SW,Live\B\S\R\C00R00_SW
102032466,Live\B\E\R\C05R00_SW,Live\B\S\R\C00R00_SW
102032469,Live\B\S\R\C00R00,Live\B\S\R\C00R00_SW
102032474,Live\B\S\CC\C00R00_MU90_SW,Live\B\S\R\C00R00_SW
102032478,Live\B\S\IB\-SLV-C00R00_MU10,Live\B\S\R\C00R00_SW
102032479,Live\B\S\IB\-SLV-C00R00_MU10,Live\B\S\R\C00R00_SW
102032480,Live\B\S\IB\-SLV-C00R00_MU10,Live\B\S\R\C00R00_SW
102032467,Live\B\S\CC\C00R00_MU30_SW,Live\B\S\R\C00R00_SW
102032468,Live\B\S\R\C00R00,Live\B\S\R\C00R00_SW
102032483,Live\B\S\CC\C00R00_MU90_SW,Live\B\S\R\C00R00_SW
102032488,Live\HT_R_LL_1,Live\B\S\R\C00R00_SW
102032494,Live\B\S\CC\C00R00_MU90_SW,Live\B\S\R\C00R00_SW
102032499,Live\B\S\CC\C00R00_MU90_SW,Live\B\S\R\C00R00_SW
102032508,Live\B\S\IB\-SLV-3-C00R00_MU5_SW,Live\B\S\R\C00R00_SW
102032509,Live\B\S\IB\C00R00_MU5_SW,Live\B\S\R\C00R00_SW
102032504,Live\AGNT,Live\B\S\R\C00R00_SW
102032495,Live\B\S\IB\-SLV-C00R00_MU10,Live\B\S\R\C00R00_SW
102032497,Live\AGNT,Live\B\S\R\C00R00_SW
102032501,Live\B\S\CC\C00R00_MU90_SW,Live\B\S\R\C00R00_SW
102032514,Live\HT_R_LL_1,Live\B\S\R\C00R00_SW
102032506,Live\B\S\CC\C00R00_MU90_SW,Live\B\S\R\C00R00_SW
102032505,Live\B\S\R\C00R00,Live\B\S\R\C00R00_SW
102032515,Live\B\S\R\C00R00,Live\B\S\R\C00R00_SW
102032516,Live\B\E\R\C05R00,Live\B\S\R\C00R00_SW
102032518,Live\B\S\CC\C00R00_MU90_SW,Live\B\S\R\C00R00_SW
102032522,Live\B\S\CC\C00R00_MU90_SW,Live\B\S\R\C00R00_SW
102032523,Live\B\S\R\C00R00,Live\B\S\R\C00R00_SW
102032525,Live\B\S\CC\C00R00_MU90_SW,Live\B\S\R\C00R00_SW
102032528,Live\B\S\CC\C00R00_MU30_SW,Live\B\S\R\C00R00_SW
102032531,Live\B\S\CC\C00R00_MU90_SW,Live\B\S\R\C00R00_SW
102032534,Live\B\S\CC\C00R00_MU90_SW,Live\B\S\R\C00R00_SW
102032532,Live\B\S\CC\C00R00,Live\B\S\R\C00R00_SW
102032535,Live\B\S\CC\C00R00_MU30,Live\B\S\R\C00R00_SW
102032517,Live\AGNT,Live\B\S\R\C00R00_SW
102032533,Live\B\S\CC\C00R00_MU30,Live\B\S\R\C00R00_SW
102032557,Live\B\S\CC\C00R00_MU30_SW,Live\B\S\R\C00R00_SW
102032544,Live\B\S\IB\C00R00_MU5_SW,Live\B\S\R\C00R00_SW
102032561,Live\AGNT,Live\B\S\R\C00R00_SW
102032563,Live\B\S\CC\C00R00_MU90_SW,Live\B\S\R\C00R00_SW
102032559,Live\B\S\CC\C00R00_SW,Live\B\S\R\C00R00_SW
102032572,Live\S-MST-C00R00_MU10,Live\B\S\R\C00R00_SW
102032548,Live\B\S\CC\C00R00_MU90_SW,Live\B\S\R\C00R00_SW
102032564,Live\B\S\R\C00R00,Live\B\S\R\C00R00_SW
102032550,Live\AGNT,Live\B\S\R\C00R00_SW
102032565,Live\HT_R_LL_1,Live\B\S\R\C00R00_SW
102032576,Live\B\S\CC\C00R00_MU90_SW,Live\B\S\R\C00R00_SW
102032578,Live\B\S\CC\C00R00_MU90_SW,Live\B\S\R\C00R00_SW
102032580,Live\B\S\CC\C00R00_MU30_SW,Live\B\S\R\C00R00_SW
102032573,Live\B\P\IB\C00R00_SW,Live\B\S\R\C00R00_SW
102032570,Live\AGNT,Live\B\S\R\C00R00_SW
102032581,Live\B\S\R\C00R00,Live\B\S\R\C00R00_SW
102032582,Live\B\S\IB\C00R00_MU5_SW,Live\B\S\R\C00R00_SW
102032586,Live\B\S\R\C00R00,Live\B\S\R\C00R00_SW
102032590,Live\HT_R_LL_1,Live\B\S\R\C00R00_SW
102032592,Live\AGNT,Live\B\S\R\C00R00_SW
102032597,Live\B\S\R\C00R00,Live\B\S\R\C00R00_SW
102032584,Live\B\S\CC\C00R00_MU90_SW,Live\B\S\R\C00R00_SW
102032594,Live\B\S\R\C00R00,Live\B\S\R\C00R00_SW
102032591,Live\B\S\CC\C00R00_MU30,Live\B\S\R\C00R00_SW
102032589,Live\HT_R_LL_1,Live\B\S\R\C00R00_SW
102032595,Live\B\S\R\C00R00,Live\B\S\R\C00R00_SW
102032587,Live\B\S\CC\C00R00_MU30,Live\B\S\R\C00R00_SW
102032601,Live\B\S\CC\C00R00_MU30,Live\B\S\R\C00R00_SW
102032602,Live\B\S\CC\C00R00_MU30_SW,Live\B\S\R\C00R00_SW
102032596,Live\B\S\CC\C00R00_MU90_SW,Live\B\S\R\C00R00_SW
102032604,Live\HT_R_LL_1,Live\B\S\R\C00R00_SW
102032606,Live\B\S\CC\C00R00_MU30_SW,Live\B\S\R\C00R00_SW
102032607,Live\B\S\R\C00R00,Live\B\S\R\C00R00_SW
102032608,Live\B\S\CC\C00R00_MU90_SW,Live\B\S\R\C00R00_SW
102032611,Live\AGNT,Live\B\S\R\C00R00_SW
102032612,Live\B\S\CC\C00R00_MU90_SW,Live\B\S\R\C00R00_SW
102032615,Live\HT_R_LL_1,Live\B\S\R\C00R00_SW
102032616,Live\B\S\CC\C00R00_MU90_SW,Live\B\S\R\C00R00_SW
102032609,Live\AGNT,Live\B\S\R\C00R00_SW
102032610,Live\AGNT,Live\B\S\R\C00R00_SW
102032617,Live\B\S\CC\C00R00_MU90_SW,Live\B\S\R\C00R00_SW
102032618,Live\B\S\R\C00R00,Live\B\S\R\C00R00_SW
102032620,Live\B\S\CC\C00R00_MU90_SW,Live\B\S\R\C00R00_SW
102032622,Live\B\S\CC\C00R00_MU30_SW,Live\B\S\R\C00R00_SW
102032624,Live\B\S\IB\C00R00_MU10,Live\B\S\R\C00R00_SW
102032614,Live\B\S\CC\C00R00_MU90_SW,Live\B\S\R\C00R00_SW
102032627,Live\B\S\CC\C00R00_MU90_SW,Live\B\S\R\C00R00_SW
102032629,Live\B\S\CC\C00R00_MU90,Live\B\S\R\C00R00_SW
102032633,Live\B\S\IB\C00R00_MU5_SW,Live\B\S\R\C00R00_SW
102032635,Live\B\S\CC\C00R00_MU90_SW,Live\B\S\R\C00R00_SW
102032630,Live\HT_R_LL_1,Live\B\S\R\C00R00_SW
102032639,Live\AGNT,Live\B\S\R\C00R00_SW
102032634,Live\B\S\R\C00R00,Live\B\S\R\C00R00_SW
102032640,Live\HT_R_LL_1,Live\B\S\R\C00R00_SW
102032636,Live\B\S\CC\C00R00_MU90_SW,Live\B\S\R\C00R00_SW
102032641,Live\B\S\CC\C00R00_MU90_SW,Live\B\S\R\C00R00_SW
102032642,Live\AGNT,Live\B\S\R\C00R00_SW
102032643,Live\B\S\R\C00R00,Live\B\S\R\C00R00_SW
102032644,Live\B\S\CC\C00R00_MU90_SW,Live\B\S\R\C00R00_SW
102032645,Live\B\S\CC\C00R00_MU90_SW,Live\B\S\R\C00R00_SW
102032648,Live\B\S\CC\C00R00_MU90_SW,Live\B\S\R\C00R00_SW
102032649,Live\B\S\CC\C00R00_MU90_SW,Live\B\S\R\C00R00_SW
102032651,Live\B\P\IB\C50R00,Live\B\S\R\C00R00_SW
102032652,Live\B\S\CC\C00R00_MU90_SW,Live\B\S\R\C00R00_SW
102032654,Live\B\S\R\C00R00,Live\B\S\R\C00R00_SW
102032657,Live\HT_R_LL_1,Live\B\S\R\C00R00_SW
102032658,Live\B\S\CC\C00R00_MU90,Live\B\S\R\C00R00_SW
102032659,Live\B\S\CC\C00R00_MU30,Live\B\S\R\C00R00_SW
102032653,Live\B\S\CC\C00R00_MU30,Live\B\S\R\C00R00_SW
102032661,Live\B\S\CC\C00R00_MU90_SW,Live\B\S\R\C00R00_SW
102032662,Live\HT_R_LL_1,Live\B\S\R\C00R00_SW
102032663,Live\B\E\R\C05R00_SW,Live\B\S\R\C00R00_SW
102032666,Live\B\S\IB\C00R00_MU5_SW,Live\B\S\R\C00R00_SW
102032667,Live\AGNT,Live\B\S\R\C00R00_SW
102032668,Live\B\S\CC\C00R00_MU30_SW,Live\B\S\R\C00R00_SW
102032669,Live\B\S\CC\C00R00_MU90,Live\B\S\R\C00R00_SW
102032665,Live\B\S\CC\C00R00_MU90_SW,Live\B\S\R\C00R00_SW
102032664,Live\HT_R_LL_1,Live\B\S\R\C00R00_SW
102032674,Live\HT_R_LL_1,Live\B\S\R\C00R00_SW
102032676,Live\B\S\CC\C00R00_MU30_SW,Live\B\S\R\C00R00_SW
102032677,Live\B\S\R\C00R00,Live\B\S\R\C00R00_SW
102032683,Live\B\S\CC\C00R00_MU30_SW,Live\B\S\R\C00R00_SW
102032684,Live\B\S\IB\C00R00_MU5_SW,Live\B\S\R\C00R00_SW
102032673,Live\B\S\CC\C00R00_MU90_SW,Live\B\S\R\C00R00_SW
102032678,Live\B\S\CC\C00R00_MU30,Live\B\S\R\C00R00_SW
102032686,Live\B\S\CC\C00R00_MU90_SW,Live\B\S\R\C00R00_SW
102032680,Live\B\S\CC\C00R00_MU90_SW,Live\B\S\R\C00R00_SW
102032692,Live\B\S\CC\C00R00_MU90_SW,Live\B\S\R\C00R00_SW
102032693,Live\B\S\CC\C00R00_MU90_SW,Live\B\S\R\C00R00_SW
102032691,Live\B\S\CC\C00R00_MU90_SW,Live\B\S\R\C00R00_SW
102032689,Live\AGNT,Live\B\S\R\C00R00_SW
102032687,Live\B\S\R\C00R00,Live\B\S\R\C00R00_SW
102032688,Live\B\S\CC\C00R00_MU90_SW,Live\B\S\R\C00R00_SW
102032685,Live\B\S\R\C00R00,Live\B\S\R\C00R00_SW
102032699,Live\B\S\CC\C00R00_MU90_SW,Live\B\S\R\C00R00_SW
102032697,Live\B\S\R\C00R00,Live\B\S\R\C00R00_SW
102032696,Live\HT_R_LL_1,Live\B\S\R\C00R00_SW
102032701,Live\HT_R_LL_1,Live\B\S\R\C00R00_SW
102032703,Live\B\S\CC\C00R00_MU90_SW,Live\B\S\R\C00R00_SW
102032706,Live\B\S\R\C00R00,Live\B\S\R\C00R00_SW
102032709,Live\AGNT,Live\B\S\R\C00R00_SW
102032710,Live\HT_R_LL_1,Live\B\S\R\C00R00_SW
102032714,Live\B\S\IB\C00R00_MU5_SW,Live\B\S\R\C00R00_SW
102032717,Live\B\S\CC\C00R00_MU90_SW,Live\B\S\R\C00R00_SW
102032716,Live\B\S\IB\C00R00_MU5_SW,Live\B\S\R\C00R00_SW
102032719,Live\B\P\IB\C00R00_SW,Live\B\S\R\C00R00_SW
102032721,Live\B\S\IB\C00R00_MU5_SW,Live\B\S\R\C00R00_SW
102032727,Live\B\S\CC\C00R00_MU90_SW,Live\B\S\R\C00R00_SW
102032729,Live\B\S\CC\C00R00_MU90,Live\B\S\R\C00R00_SW
102032728,Live\B\S\CC\C00R00_MU90_SW,Live\B\S\R\C00R00_SW
102032726,Live\AGNT,Live\B\S\R\C00R00_SW
102032739,Live\B\S\CC\C00R00_MU90_SW,Live\B\S\R\C00R00_SW
102032730,Live\B\S\CC\C00R00_MU30_SW,Live\B\S\R\C00R00_SW
102032743,Live\B\S\CC\C00R00_MU90_SW,Live\B\S\R\C00R00_SW
102032733,Live\B\S\CC\C00R00_MU90_SW,Live\B\S\R\C00R00_SW
102032747,Live\B\S\CC\C00R00_SW,Live\B\S\R\C00R00_SW
102032742,Live\B\S\CC\C00R00_MU90_SW,Live\B\S\R\C00R00_SW
102032734,Live\B\S\CC\C00R00_MU90_SW,Live\B\S\R\C00R00_SW
102032759,Live\B\S\CC\C00R00_MU90_SW,Live\B\S\R\C00R00_SW
102032761,Live\B\S\CC\C00R00,Live\B\S\R\C00R00_SW
102032762,Live\B\S\CC\C00R00_MU90_SW,Live\B\S\R\C00R00_SW
102032763,Live\B\S\CC\C00R00_MU90_SW,Live\B\S\R\C00R00_SW
102032764,Live\B\S\CC\C00R00_MU90_SW,Live\B\S\R\C00R00_SW
102032765,Live\B\S\R\C00R00,Live\B\S\R\C00R00_SW
102032771,Live\HT_R_LL_1,Live\B\S\R\C00R00_SW
102032774,Live\B\S\IB\C00R00,Live\B\S\R\C00R00_SW
102032775,Live\B\S\CC\C00R00_MU90_SW,Live\B\S\R\C00R00_SW
102032773,Live\HT_R_LL_1,Live\B\S\R\C00R00_SW
102032779,Live\HT_R_LL_1,Live\B\S\R\C00R00_SW
102032781,Live\B\S\CC\C00R00_MU90_SW,Live\B\S\R\C00R00_SW
102032783,Live\B\S\CC\C00R00_MU90_SW,Live\B\S\R\C00R00_SW
102032784,Live\B\S\CC\C00R00_MU90_SW,Live\B\S\R\C00R00_SW
102032777,Live\HT_R_LL_1,Live\B\S\R\C00R00_SW
102032786,Live\B\S\CC\C00R00_MU30,Live\B\S\R\C00R00_SW
102032790,Live\B\E\R\C05R00_SW,Live\B\S\R\C00R00_SW
102032791,Live\B\S\CC\C00R00_MU90_SW,Live\B\S\R\C00R00_SW
102032793,Live\B\S\CC\C00R00_MU90_SW,Live\B\S\R\C00R00_SW
102032795,Live\B\S\IB\C00R00_MU5_SW,Live\B\S\R\C00R00_SW
102032796,Live\B\S\IB\C00R00_MU5_SW,Live\B\S\R\C00R00_SW
102032799,Live\B\S\CC\C00R00_MU30_SW,Live\B\S\R\C00R00_SW
102032801,Live\B\S\CC\C00R00_MU90_SW,Live\B\S\R\C00R00_SW
102032805,Live\B\S\CC\C00R00_MU90_SW,Live\B\S\R\C00R00_SW
102032807,Live\B\S\CC\C00R00_MU90_SW,Live\B\S\R\C00R00_SW
102032808,Live\B\S\CC\C00R00_MU90_SW,Live\B\S\R\C00R00_SW
102032798,Live\B\S\CC\C00R00_MU90_SW,Live\B\S\R\C00R00_SW
102032812,Live\B\S\CC\C00R00_MU90_SW,Live\B\S\R\C00R00_SW
102032813,Live\B\S\CC\C00R00_MU30_SW,Live\B\S\R\C00R00_SW
102032800,Live\B\S\CC\C00R00_MU90_SW,Live\B\S\R\C00R00_SW
102032815,Live\B\S\IB\C00R00_MU5_SW,Live\B\S\R\C00R00_SW
102032816,Live\B\S\CC\C00R00_MU90_SW,Live\B\S\R\C00R00_SW
102032818,Live\B\S\CC\C00R00_MU90_SW,Live\B\S\R\C00R00_SW
102032821,Live\B\S\CC\C00R00_MU90_SW,Live\B\S\R\C00R00_SW
102032822,Live\B\S\CC\C00R00_MU90_SW,Live\B\S\R\C00R00_SW
102032827,Live\B\S\CC\C00R00_MU30,Live\B\S\R\C00R00_SW
102032826,Live\B\S\CC\C00R00_MU90_SW,Live\B\S\R\C00R00_SW
102032831,Live\B\S\CC\C00R00_MU90_SW,Live\B\S\R\C00R00_SW
102032819,Live\B\S\CC\C00R00_MU90_SW,Live\B\S\R\C00R00_SW
102032834,Live\B\S\IB\C00R00_MU5_SW,Live\B\S\R\C00R00_SW
102032838,Live\B\S\CC\C00R00_MU90_SW,Live\B\S\R\C00R00_SW
102032839,Live\B\S\CC\C00R00_MU90_SW,Live\B\S\R\C00R00_SW
102032823,Live\B\S\CC\C00R00_MU90_SW,Live\B\S\R\C00R00_SW
102032825,Live\HT_R_LL_1,Live\B\S\R\C00R00_SW
102032840,Live\B\S\CC\C00R00,Live\B\S\R\C00R00_SW
102032841,Live\B\E\R\C05R00,Live\B\S\R\C00R00_SW
102032842,Live\B\E\R\C05R00_SW,Live\B\S\R\C00R00_SW
102032843,Live\B\S\CC\C00R00_MU30,Live\B\S\R\C00R00_SW
102032847,Live\B\S\CC\C00R00_MU90_SW,Live\B\S\R\C00R00_SW
102032848,Live\B\S\CC\C00R00_MU90_SW,Live\B\S\R\C00R00_SW
102032849,Live\B\S\CC\C00R00_MU90,Live\B\S\R\C00R00_SW
102032853,Live\HT_R_LL_1,Live\B\S\R\C00R00_SW
102032855,Live\B\S\CC\C00R00_MU90_SW,Live\B\S\R\C00R00_SW
102032844,Live\AGNT,Live\B\S\R\C00R00_SW
102032858,Live\B\S\IB\C00R00_MU5_SW,Live\B\S\R\C00R00_SW
102032850,Live\HT_R_LL_1,Live\B\S\R\C00R00_SW
102032852,Live\B\S\IB\C00R00,Live\B\S\R\C00R00_SW
102032851,Live\B\S\IB\C00R00,Live\B\S\R\C00R00_SW
102032860,Live\B\S\CC\C00R00_MU30_SW,Live\B\S\R\C00R00_SW
102032864,Live\B\S\CC\C00R00_MU90_SW,Live\B\S\R\C00R00_SW
102032868,Live\B\S\IB\C00R00_MU5_SW,Live\B\S\R\C00R00_SW
102032878,Live\B\S\CC\C00R00_MU90_SW,Live\B\S\R\C00R00_SW
102032869,Live\B\S\IB\C00R00_MU10_SW,Live\B\S\R\C00R00_SW
102032873,Live\HT_R_LL_1,Live\B\S\R\C00R00_SW
102032877,Live\B\S\CC\C00R00_MU90,Live\B\S\R\C00R00_SW
102032884,Live\B\S\CC\C00R00_MU90_SW,Live\B\S\R\C00R00_SW
102032883,Live\B\S\CC\C00R00_MU90_SW,Live\B\S\R\C00R00_SW
102032881,Live\AGNT,Live\B\S\R\C00R00_SW
102032887,Live\HT_R_LL_1,Live\B\S\R\C00R00_SW
102032885,Live\B\S\IB\C00R00_MU20,Live\B\S\R\C00R00_SW
102032888,Live\B\S\CC\C00R00_MU90_SW,Live\B\S\R\C00R00_SW
102032880,Live\AGNT,Live\B\S\R\C00R00_SW
102032892,Live\B\S\IB\C00R00_MU5_SW,Live\B\S\R\C00R00_SW
102032893,Live\B\S\IB\C00R00_MU5_SW,Live\B\S\R\C00R00_SW
102032896,Live\B\S\CC\C00R00_MU30_SW,Live\B\S\R\C00R00_SW
102032899,Live\B\S\CC\C00R00_MU90_SW,Live\B\S\R\C00R00_SW
102032886,Live\B\S\CC\C00R00_MU30,Live\B\S\R\C00R00_SW
102032903,Live\B\S\IB\C00R00,Live\B\S\R\C00R00_SW
102032905,Live\B\S\CC\C00R00_MU90_SW,Live\B\S\R\C00R00_SW
102032907,Live\B\S\IB\C00R00_MU20,Live\B\S\R\C00R00_SW
102032910,Live\B\S\CC\C00R00_MU30_SW,Live\B\S\R\C00R00_SW
102032895,Live\HT_R_LL_1,Live\B\S\R\C00R00_SW
102032911,Live\B\S\CC\C00R00_MU90_SW,Live\B\S\R\C00R00_SW
102032912,Live\HT_R_LL_1,Live\B\S\R\C00R00_SW
102032916,Live\B\S\CC\C00R00_MU30,Live\B\S\R\C00R00_SW
102032917,Live\B\S\CC\C00R00_MU90_SW,Live\B\S\R\C00R00_SW
102032921,Live\B\S\IB\C00R00_MU5_SW,Live\B\S\R\C00R00_SW
102032922,Live\B\S\IB\C00R00_MU5_SW,Live\B\S\R\C00R00_SW
102032924,Live\B\S\CC\C00R00_MU90_SW,Live\B\S\R\C00R00_SW
102032926,Live\B\S\IB\C00R00_MU20,Live\B\S\R\C00R00_SW
102032928,Live\AGNT,Live\B\S\R\C00R00_SW
102032929,Live\A\S\IB\C00R00_MU10_SW,Live\B\S\R\C00R00_SW
102032930,Live\B\S\IB\C00R00_MU5_SW,Live\B\S\R\C00R00_SW
102032932,Live\AGNT,Live\B\S\R\C00R00_SW
102032933,Live\AGNT,Live\B\S\R\C00R00_SW
102032934,Live\AGNT,Live\B\S\R\C00R00_SW
102032935,Live\B\S\CC\C00R00_MU90_SW,Live\B\S\R\C00R00_SW
102032925,Live\B\S\IB\C00R00_MU5_SW,Live\B\S\R\C00R00_SW
102032939,Live\B\S\CC\C00R00_MU90_SW,Live\B\S\R\C00R00_SW
102032943,Live\B\S\IB\C00R00_MU20,Live\B\S\R\C00R00_SW
102032944,Live\B\S\CC\C00R00_MU90_SW,Live\B\S\R\C00R00_SW
102032950,Live\B\S\CC\C00R00_MU30_SW,Live\B\S\R\C00R00_SW
102032956,Live\B\S\IB\C00R00_MU5_SW,Live\B\S\R\C00R00_SW
102032957,Live\B\S\IB\C00R00_MU20,Live\B\S\R\C00R00_SW
102032958,Live\B\S\IB\C00R00_MU20_SW,Live\B\S\R\C00R00_SW
102032968,Live\B\S\IB\C00R00_MU20_SW,Live\B\S\R\C00R00_SW
102032951,Live\AGNT,Live\B\S\R\C00R00_SW
102032955,Live\B\S\IB\C00R00_MU5_SW,Live\B\S\R\C00R00_SW
102032979,Live\B\P\IB\C00R00_SW,Live\B\S\R\C00R00_SW
102032969,Live\B\S\IB\C00R00_MU30,Live\B\S\R\C00R00_SW
102032971,Live\HT_R_LL_1,Live\B\S\R\C00R00_SW
102032983,Live\HT_R_LL_1,Live\B\S\R\C00R00_SW
102032985,Live\HT_R_LL_1,Live\B\S\R\C00R00_SW
102032989,Live\B\S\CC\C00R00_MU90_SW,Live\B\S\R\C00R00_SW
102032973,Live\B\S\IB\C00R00_MU20_SW,Live\B\S\R\C00R00_SW
102032991,Live\B\S\CC\C00R00_MU90_SW,Live\B\S\R\C00R00_SW
102032994,Live\B\S\IB\C00R00_MU5_SW,Live\B\S\R\C00R00_SW
102032999,Live\HT_R_LL_1,Live\B\S\R\C00R00_SW
102033000,Live\B\S\IB\C00R00_MU20,Live\B\S\R\C00R00_SW
102033001,Live\B\S\CC\C00R00_MU90_SW,Live\B\S\R\C00R00_SW
102033004,Live\B\S\IB\C00R00_MU5_SW,Live\B\S\R\C00R00_SW
102032993,Live\B\S\CC\C00R00_MU90_SW,Live\B\S\R\C00R00_SW
102033005,Live\B\S\CC\C00R00_MU90_SW,Live\B\S\R\C00R00_SW
102033003,Live\B\S\IB\C00R00_MU5_SW,Live\B\S\R\C00R00_SW
102033009,Live\B\S\CC\C00R00_MU90_SW,Live\B\S\R\C00R00_SW
102033013,Live\B\S\IB\C00R00,Live\B\S\R\C00R00_SW
102033014,Live\B\S\IB\C00R00,Live\B\S\R\C00R00_SW
102033015,Live\B\S\R\C00R00,Live\B\S\R\C00R00_SW
102033007,Live\B\S\IB\C00R00_MU20,Live\B\S\R\C00R00_SW
102033016,Live\B\S\CC\C00R00,Live\B\S\R\C00R00_SW
102033017,Live\B\S\CC\C00R00_MU90,Live\B\S\R\C00R00_SW
102033024,Live\B\S\IB\C00R00_MU5_SW,Live\B\S\R\C00R00_SW
102033026,Live\B\S\IB\C00R00_MU5_SW,Live\B\S\R\C00R00_SW
102033027,Live\B\S\IB\C00R00_MU20,Live\B\S\R\C00R00_SW
102033028,Live\B\S\IB\C00R00,Live\B\S\R\C00R00_SW
102033022,Live\B\S\CC\C00R00_MU90_SW,Live\B\S\R\C00R00_SW
102033020,Live\AGNT,Live\B\S\R\C00R00_SW
102033032,Live\AGNT,Live\B\S\R\C00R00_SW
102033034,Live\B\S\IB\C00R00_MU20,Live\B\S\R\C00R00_SW
102033036,Live\B\S\IB\C00R00_MU20,Live\B\S\R\C00R00_SW
102033037,Live\B\S\CC\C00R00_MU90_SW,Live\B\S\R\C00R00_SW
102033038,Live\B\S\IB\C00R00,Live\B\S\R\C00R00_SW
102033042,Live\B\P\R\C00R00,Live\B\S\R\C00R00_SW
102033039,Live\HT_R_LL_1,Live\B\S\R\C00R00_SW
102033049,Live\B\S\CC\C00R00_MU30_SW,Live\B\S\R\C00R00_SW
102033048,Live\B\S\CC\C00R00_MU90_SW,Live\B\S\R\C00R00_SW
102033058,Live\HT_R_LL_1,Live\B\S\R\C00R00_SW
102033061,Live\HT_R_LL_1,Live\B\S\R\C00R00_SW
102033064,Live\B\S\CC\C00R00_MU90_SW,Live\B\S\R\C00R00_SW
102033065,Live\B\S\CC\C00R00_MU30_SW,Live\B\S\R\C00R00_SW
102033052,Live\B\S\CC\C00R00_MU90_SW,Live\B\S\R\C00R00_SW
102033057,Live\B\S\CC\C00R00_MU90_SW,Live\B\S\R\C00R00_SW
102033055,Live\B\S\CC\C00R00_MU90_SW,Live\B\S\R\C00R00_SW
102033073,Live\B\S\IB\C00R00_MU20,Live\B\S\R\C00R00_SW
102033074,Live\AGNT,Live\B\S\R\C00R00_SW
102033083,Live\AGNT,Live\B\S\R\C00R00_SW
102033082,Live\B\S\IB\C00R00_MU5_SW,Live\B\S\R\C00R00_SW
102033068,Live\B\S\CC\C00R00_MU90_SW,Live\B\S\R\C00R00_SW
102033090,Live\B\S\CC\C00R00_MU90_SW,Live\B\S\R\C00R00_SW
102033084,Live\B\S\CC\C00R00_MU90_SW,Live\B\S\R\C00R00_SW
102033089,Live\B\S\CC\C00R00_MU30,Live\B\S\R\C00R00_SW
102033091,Live\B\S\IB\-SLV-3-C00R00_MU5_SW,Live\B\S\R\C00R00_SW
102033092,Live\HT_R_LL_1,Live\B\S\R\C00R00_SW
102033088,Live\B\S\CC\C00R00_MU90_SW,Live\B\S\R\C00R00_SW
102033097,Live\HT_R_LL_1,Live\B\S\R\C00R00_SW
102033098,Live\B\S\CC\C00R00_MU90_SW,Live\B\S\R\C00R00_SW
102033101,Live\AGNT,Live\B\S\R\C00R00_SW
102033103,Live\B\S\IB\C00R00_MU20,Live\B\S\R\C00R00_SW
102033105,Live\B\S\CC\C00R00_MU90_SW,Live\B\S\R\C00R00_SW
102033106,Live\B\S\IB\C00R00_MU20,Live\B\S\R\C00R00_SW
102033107,Live\HT_R_LL_1,Live\B\S\R\C00R00_SW
102033109,Live\HT_R_LL_1,Live\B\S\R\C00R00_SW
102033110,Live\B\S\IB\C00R00_MU20,Live\B\S\R\C00R00_SW
102033111,Live\B\S\R\C00R00,Live\B\S\R\C00R00_SW
102033113,Live\B\S\CC\C00R00_MU30,Live\B\S\R\C00R00_SW
102033116,Live\B\S\IB\C00R00_MU20,Live\B\S\R\C00R00_SW
102033112,Live\B\S\CC\C00R00_MU90_SW,Live\B\S\R\C00R00_SW
102033114,Live\B\S\CC\C00R00_MU90_SW,Live\B\S\R\C00R00_SW
102033121,Live\B\S\CC\C00R00_MU90_SW,Live\B\S\R\C00R00_SW
102033128,Live\B\S\IB\C00R00_MU5_SW,Live\B\S\R\C00R00_SW
102033126,Live\AGNT,Live\B\S\R\C00R00_SW
102033122,Live\B\S\CC\C00R00_MU30_SW,Live\B\S\R\C00R00_SW
102033127,Live\B\S\IB\C00R00_MU5_SW,Live\B\S\R\C00R00_SW
102033124,Live\HT_R_LL_1,Live\B\S\R\C00R00_SW
102033138,Live\B\S\CC\C00R00_MU90_SW,Live\B\S\R\C00R00_SW
102033129,Live\B\S\IB\C00R00_MU20,Live\B\S\R\C00R00_SW
102033134,Live\B\S\CC\C00R00_MU30,Live\B\S\R\C00R00_SW
102033135,Live\B\S\IB\C00R00,Live\B\S\R\C00R00_SW
102033139,Live\B\S\CC\C00R00_MU90_SW,Live\B\S\R\C00R00_SW
102033140,Live\B\P\R\C00R00_MD,Live\B\S\R\C00R00_SW
102033141,Live\B\S\CC\C00R00_MU90_SW,Live\B\S\R\C00R00_SW
102033145,Live\B\S\IB\C00R00_MU20,Live\B\S\R\C00R00_SW
102033146,Live\B\S\IB\C00R00_MU20,Live\B\S\R\C00R00_SW
102033148,Live\HT_R_LL_1,Live\B\S\R\C00R00_SW
102033152,Live\B\S\CC\C00R00_MU30_SW,Live\B\S\R\C00R00_SW
102033143,Live\B\S\CC\C00R00_MU90_SW,Live\B\S\R\C00R00_SW
102033149,Live\B\S\CC\C00R00_MU30_SW,Live\B\S\R\C00R00_SW
102033150,Live\B\S\IB\C00R00_MU5_SW,Live\B\S\R\C00R00_SW
102033151,Live\B\S\CC\C00R00_MU90_SW,Live\B\S\R\C00R00_SW
102033157,Live\B\S\CC\C00R00_MU90_SW,Live\B\S\R\C00R00_SW
102033158,Live\B\S\CC\C00R00_MU90_SW,Live\B\S\R\C00R00_SW
102033155,Live\B\S\CC\C00R00_MU90_SW,Live\B\S\R\C00R00_SW
102033160,Live\B\S\CC\C00R00_MU30_SW,Live\B\S\R\C00R00_SW
102033161,Live\HT_R_LL_1,Live\B\S\R\C00R00_SW
102033162,Live\B\S\CC\C00R00_MU90_SW,Live\B\S\R\C00R00_SW
102033165,Live\B\S\IB\C00R00,Live\B\S\R\C00R00_SW
102033166,Live\HT_R_LL_1,Live\B\S\R\C00R00_SW
102033159,Live\B\S\CC\C00R00_MU90_SW,Live\B\S\R\C00R00_SW
102033171,Live\B\E\IB\C12R00_SW,Live\B\S\R\C00R00_SW
102033172,Live\A\E\IB\C12R00_XAU_NFLVG_SW,Live\B\S\R\C00R00_SW
102033174,Live\B\S\CC\C00R00_MU90_SW,Live\B\S\R\C00R00_SW
102033175,Live\B\S\IB\C00R00,Live\B\S\R\C00R00_SW
102033177,Live\B\S\CC\C00R00_MU30,Live\B\S\R\C00R00_SW
102033178,Live\B\S\CC\C00R00_MU90_SW,Live\B\S\R\C00R00_SW
102033179,Live\HT_R_LL_1,Live\B\S\R\C00R00_SW
102033180,Live\B\S\IB\C00R00,Live\B\S\R\C00R00_SW
102033173,Live\B\S\CC\C00R00_MU90,Live\B\S\R\C00R00_SW
102033169,Live\HT_R_LL_1,Live\B\S\R\C00R00_SW
102033182,Live\HT_R_LL_1,Live\B\S\R\C00R00_SW
102033181,Live\B\S\CC\C00R00_MU90_SW,Live\B\S\R\C00R00_SW
102033183,Live\B\S\CC\C00R00_MU90_SW,Live\B\S\R\C00R00_SW
102033185,Live\HT_R_LL_1,Live\B\S\R\C00R00_SW
102033186,Live\B\S\CC\C00R00_MU90,Live\B\S\R\C00R00_SW
102033187,Live\B\S\CC\C00R00_MU90_SW,Live\B\S\R\C00R00_SW
102033190,Live\B\S\CC\C00R00_MU90_SW,Live\B\S\R\C00R00_SW
102033188,Live\B\S\CC\C00R00_MU90_SW,Live\B\S\R\C00R00_SW
102033191,Live\B\S\CC\C00R00_MU90_SW,Live\B\S\R\C00R00_SW
102033193,Live\B\S\CC\C00R00_MU90_SW,Live\B\S\R\C00R00_SW
102033192,Live\B\S\IB\C00R00_MU20,Live\B\S\R\C00R00_SW
102033196,Live\AGNT,Live\B\S\R\C00R00_SW
102033197,Live\B\S\CC\C00R00_MU90_SW,Live\B\S\R\C00R00_SW
102033200,Live\B\S\CC\C00R00_MU90_SW,Live\B\S\R\C00R00_SW
102033201,Live\B\S\CC\C00R00_MU90_SW,Live\B\S\R\C00R00_SW
102033202,Live\B\S\CC\C00R00_MU90_SW,Live\B\S\R\C00R00_SW
102033203,Live\HT_R_LL_1,Live\B\S\R\C00R00_SW
102033204,Live\HT_R_LL_1,Live\B\S\R\C00R00_SW
102033205,Live\B\S\IB\C00R00_MU5_SW,Live\B\S\R\C00R00_SW
102033208,Live\B\S\IB\C00R00_MU20,Live\B\S\R\C00R00_SW
102033206,Live\B\S\IB\C00R00_MU20,Live\B\S\R\C00R00_SW
102033207,Live\B\S\CC\C00R00_MU90_SW,Live\B\S\R\C00R00_SW
102033210,Live\AGNT,Live\B\S\R\C00R00_SW
102033212,Live\B\S\IB\C00R00_MU20,Live\B\S\R\C00R00_SW
102033217,Live\B\S\IB\C00R00_MU10,Live\B\S\R\C00R00_SW
102033226,Live\B\P\R\C00R00_MD,Live\B\S\R\C00R00_SW
102033230,Live\AGNT,Live\B\S\R\C00R00_SW
102033232,Live\AGNT,Live\B\S\R\C00R00_SW
102033233,Live\B\S\IB\C00R00_MU10,Live\B\S\R\C00R00_SW
102033234,Live\B\S\CC\C00R00_MU90_SW,Live\B\S\R\C00R00_SW
102033220,Live\AGNT,Live\B\S\R\C00R00_SW
102033240,Live\B\S\CC\C00R00_MU30,Live\B\S\R\C00R00_SW
102033245,Live\HT_R_LL_1,Live\B\S\R\C00R00_SW
102033247,Live\B\S\CC\C00R00_MU90_SW,Live\B\S\R\C00R00_SW
102033248,Live\HT_R_LL_1,Live\B\S\R\C00R00_SW
102033242,Live\HT_R_LL_1,Live\B\S\R\C00R00_SW
102033252,Live\B\S\IB\C00R00_MU10,Live\B\S\R\C00R00_SW
102033251,Live\B\S\IB\C00R00_MU10,Live\B\S\R\C00R00_SW
102033256,Live\B\S\CC\C00R00_SW,Live\B\S\R\C00R00_SW
102033258,Live\B\S\CC\C00R00_MU30,Live\B\S\R\C00R00_SW
102033253,Live\B\S\IB\C00R00_MU10,Live\B\S\R\C00R00_SW
102033255,Live\B\S\IB\C00R00_MU5_SW,Live\B\S\R\C00R00_SW
102033257,Live\B\S\IB\C00R00_MU10,Live\B\S\R\C00R00_SW
102033260,Live\HT_R_LL_1,Live\B\S\R\C00R00_SW
102033259,Live\B\S\IB\C00R00_MU10,Live\B\S\R\C00R00_SW
102033261,Live\B\S\IB\C00R00_MU10,Live\B\S\R\C00R00_SW
102033265,Live\HT_R_LL_1,Live\B\S\R\C00R00_SW
102033266,Live\B\S\IB\C00R00_MU20,Live\B\S\R\C00R00_SW
102033267,Live\B\S\CC\C00R00_MU90_SW,Live\B\S\R\C00R00_SW
102033269,Live\B\S\CC\C00R00_MU90,Live\B\S\R\C00R00_SW
102033270,Live\B\S\CC\C00R00_MU90_SW,Live\B\S\R\C00R00_SW
102033271,Live\B\S\IB\C00R00_MU20,Live\B\S\R\C00R00_SW
102033274,Live\B\S\IB\C00R00_MU5_SW,Live\B\S\R\C00R00_SW
102033275,Live\B\S\IB\C00R00_MU20,Live\B\S\R\C00R00_SW
102033277,Live\HT_R_LL_1,Live\B\S\R\C00R00_SW
102033279,Live\B\S\CC\C00R00_MU90_SW,Live\B\S\R\C00R00_SW
102033273,Live\B\S\IB\C00R00_MU5_SW,Live\B\S\R\C00R00_SW
102033285,Live\B\S\IB\C00R00_MU10,Live\B\S\R\C00R00_SW
102033278,Live\B\S\CC\C00R00_MU90_SW,Live\B\S\R\C00R00_SW
102033287,Live\B\S\IB\C00R00,Live\B\S\R\C00R00_SW
102033286,Live\B\S\IB\C00R00_MU10,Live\B\S\R\C00R00_SW
102033294,Live\B\S\CC\C00R00_MU90_SW,Live\B\S\R\C00R00_SW
102033300,Live\HT_R_LL_1,Live\B\S\R\C00R00_SW
102033297,Live\B\S\IB\C00R00_MU10_SW,Live\B\S\R\C00R00_SW
102033295,Live\B\S\CC\C00R00_MU90_SW,Live\B\S\R\C00R00_SW
102033296,Live\B\S\CC\C00R00_MU90_SW,Live\B\S\R\C00R00_SW
102033302,Live\HT_R_LL_1,Live\B\S\R\C00R00_SW
102033308,Live\B\S\CC\C00R00_MU90_SW,Live\B\S\R\C00R00_SW
102033309,Live\B\S\IB\C00R00_MU20,Live\B\S\R\C00R00_SW
102033315,Live\B\S\CC\C00R00_MU90_SW,Live\B\S\R\C00R00_SW
102033316,Live\B\S\CC\C00R00_MU90_SW,Live\B\S\R\C00R00_SW
102033305,Live\B\S\IB\C00R00_MU20,Live\B\S\R\C00R00_SW
102033321,Live\B\E\R\C05R00,Live\B\S\R\C00R00_SW
102033306,Live\B\S\CC\C00R00_MU30,Live\B\S\R\C00R00_SW
102033307,Live\B\S\IB\C00R00_MU10,Live\B\S\R\C00R00_SW
102033324,Live\B\S\CC\C00R00_MU30,Live\B\S\R\C00R00_SW
102033325,Live\B\S\CC\C00R00_MU90_SW,Live\B\S\R\C00R00_SW
102033326,Live\B\S\CC\C00R00_MU30_SW,Live\B\S\R\C00R00_SW
102033327,Live\B\S\CC\C00R00_MU90_SW,Live\B\S\R\C00R00_SW
102033328,Live\B\S\CC\C00R00_MU90_SW,Live\B\S\R\C00R00_SW
102033322,Live\B\S\CC\C00R00_MU90,Live\B\S\R\C00R00_SW
102033323,Live\B\P\R\C00R00,Live\B\S\R\C00R00_SW
102033317,Live\B\S\CC\C00R00_MU30,Live\B\S\R\C00R00_SW
102033330,Live\HT_R_LL_1,Live\B\S\R\C00R00_SW
102033331,Live\HT_R_LL_1,Live\B\S\R\C00R00_SW
102033332,Live\HT_R_LL_1,Live\B\S\R\C00R00_SW
102033333,Live\B\S\IB\C00R00_MU30_SW,Live\B\S\R\C00R00_SW
102033334,Live\B\S\CC\C00R00_MU90_SW,Live\B\S\R\C00R00_SW
102033336,Live\HT_R_LL_1,Live\B\S\R\C00R00_SW
102033339,Live\B\S\CC\C00R00_MU90_SW,Live\B\S\R\C00R00_SW
102033342,Live\B\P\R\C00R00,Live\B\S\R\C00R00_SW
102033346,Live\B\S\CC\C00R00_MU90_SW,Live\B\S\R\C00R00_SW
102033347,Live\B\S\CC\C00R00_MU90_SW,Live\B\S\R\C00R00_SW
102033350,Live\B\S\CC\C00R00_MU90_SW,Live\B\S\R\C00R00_SW
102033340,Live\HT_R_LL_1,Live\B\S\R\C00R00_SW
102033344,Live\B\S\CC\C00R00_MU90_SW,Live\B\S\R\C00R00_SW
102033349,Live\B\S\CC\C00R00_MU90_SW,Live\B\S\R\C00R00_SW
102033351,Live\B\S\CC\C00R00_MU90_SW,Live\B\S\R\C00R00_SW
102033343,Live\B\S\CC\C00R00_MU90,Live\B\S\R\C00R00_SW
102033356,Live\B\S\CC\C00R00_MU30_SW,Live\B\S\R\C00R00_SW
102033355,Live\B\S\CC\C00R00_MU90_SW,Live\B\S\R\C00R00_SW
102033358,Live\B\S\CC\C00R00_MU30_SW,Live\B\S\R\C00R00_SW
102033362,Live\B\S\CC\C00R00_MU90_SW,Live\B\S\R\C00R00_SW
102033360,Live\B\S\CC\C00R00_MU90_SW,Live\B\S\R\C00R00_SW
102033357,Live\HT_R_LL_1,Live\B\S\R\C00R00_SW
102033359,Live\B\S\CC\C00R00_MU90_SW,Live\B\S\R\C00R00_SW
102033354,Live\B\S\CC\C00R00_MU90_SW,Live\B\S\R\C00R00_SW
102033367,Live\B\S\CC\C00R00_MU90_SW,Live\B\S\R\C00R00_SW
102033364,Live\HT_R_LL_1,Live\B\S\R\C00R00_SW
102033365,Live\B\S\CC\C00R00_MU90_SW,Live\B\S\R\C00R00_SW
102033361,Live\B\S\CC\C00R00_MU90_SW,Live\B\S\R\C00R00_SW
102033368,Live\B\S\CC\C00R00_MU30,Live\B\S\R\C00R00_SW
102033370,Live\B\S\CC\C00R00_MU90_SW,Live\B\S\R\C00R00_SW
102033371,Live\B\S\CC\C00R00_MU90_SW,Live\B\S\R\C00R00_SW
102033372,Live\B\S\R\C00R00,Live\B\S\R\C00R00_SW
102033373,Live\B\S\CC\C00R00_MU90_SW,Live\B\S\R\C00R00_SW
102033366,Live\B\S\CC\C00R00_MU90_SW,Live\B\S\R\C00R00_SW
102033374,Live\B\S\CC\C00R00_MU90_SW,Live\B\S\R\C00R00_SW
102033375,Live\B\S\CC\C00R00_MU90_SW,Live\B\S\R\C00R00_SW
102033376,Live\B\S\CC\C00R00_MU90_SW,Live\B\S\R\C00R00_SW
102033377,Live\B\S\CC\C00R00_MU30_SW,Live\B\S\R\C00R00_SW
102033378,Live\B\S\CC\C00R00_MU90_SW,Live\B\S\R\C00R00_SW
102033380,Live\B\S\CC\C00R00_MU90_SW,Live\B\S\R\C00R00_SW
102033381,Live\B\S\CC\C00R00_MU90_SW,Live\B\S\R\C00R00_SW
102033382,Live\B\S\CC\C00R00_MU90_SW,Live\B\S\R\C00R00_SW
102033386,Live\B\P\R\C00R00,Live\B\S\R\C00R00_SW
102033389,Live\B\S\CC\C00R00_MU90_SW,Live\B\S\R\C00R00_SW
102033391,Live\B\S\IB\C00R00_MU20,Live\B\S\R\C00R00_SW
102033393,Live\B\S\IB\C00R00_MU20,Live\B\S\R\C00R00_SW
102033394,Live\B\S\CC\C00R00_MU90_SW,Live\B\S\R\C00R00_SW
102033396,Live\B\S\CC\C00R00_MU90_SW,Live\B\S\R\C00R00_SW
102033397,Live\B\S\CC\C00R00_MU90_SW,Live\B\S\R\C00R00_SW
102033398,Live\B\S\CC\C00R00_MU90_SW,Live\B\S\R\C00R00_SW
102033399,Live\B\S\CC\C00R00_MU90_SW,Live\B\S\R\C00R00_SW
102033401,Live\B\S\CC\C00R00_MU90_SW,Live\B\S\R\C00R00_SW
102033403,Live\B\S\IB\C00R00_MU5_SW,Live\B\S\R\C00R00_SW
102033404,Live\B\S\CC\C00R00_MU90_SW,Live\B\S\R\C00R00_SW
102033406,Live\HT_R_LL_1,Live\B\S\R\C00R00_SW
102033408,Live\B\S\IB\C00R00_MU20,Live\B\S\R\C00R00_SW
102033410,Live\B\S\CC\C00R00_MU30_SW,Live\B\S\R\C00R00_SW
102033411,Live\B\S\CC\C00R00_MU90_SW,Live\B\S\R\C00R00_SW
102033422,Live\B\S\CC\C00R00_MU90_SW,Live\B\S\R\C00R00_SW
102033426,Live\B\S\IB\C00R00_MU5_SW,Live\B\S\R\C00R00_SW
102033427,Live\B\S\CC\C00R00_MU90_SW,Live\B\S\R\C00R00_SW
102033428,Live\HT_R_LL_1,Live\B\S\R\C00R00_SW
102033415,Live\B\S\CC\C00R00_MU90_SW,Live\B\S\R\C00R00_SW
102033416,Live\B\S\CC\C00R00_MU90_SW,Live\B\S\R\C00R00_SW
102033418,Live\B\S\CC\C00R00_MU90_SW,Live\B\S\R\C00R00_SW
102033431,Live\B\S\CC\C00R00_MU30_SW,Live\B\S\R\C00R00_SW
102033434,Live\B\S\CC\C00R00_MU90,Live\B\S\R\C00R00_SW
102033432,Live\B\S\IB\C00R00_MU5_SW,Live\B\S\R\C00R00_SW
102033420,Live\B\S\CC\C00R00_MU90_SW,Live\B\S\R\C00R00_SW
102033438,Live\B\S\CC\C00R00_MU90_SW,Live\B\S\R\C00R00_SW
102033439,Live\B\S\CC\C00R00_MU90_SW,Live\B\S\R\C00R00_SW
102033442,Live\B\S\CC\C00R00_MU90_SW,Live\B\S\R\C00R00_SW
102033443,Live\B\S\CC\C00R00_MU90_SW,Live\B\S\R\C00R00_SW
102033444,Live\B\S\IB\C00R00_MU10_SW,Live\B\S\R\C00R00_SW
102033445,Live\B\S\CC\C00R00_MU90,Live\B\S\R\C00R00_SW
102033447,Live\B\S\IB\C00R00_MU5_SW,Live\B\S\R\C00R00_SW
102033450,Live\B\S\CC\C00R00_MU90_SW,Live\B\S\R\C00R00_SW
102033449,Live\B\S\CC\C00R00_MU90_SW,Live\B\S\R\C00R00_SW
102033451,Live\B\S\CC\C00R00_MU90_SW,Live\B\S\R\C00R00_SW
102033452,Live\B\S\CC\C00R00_MU30_SW,Live\B\S\R\C00R00_SW
102033453,Live\B\S\CC\C00R00_MU90_SW,Live\B\S\R\C00R00_SW
102033454,Live\B\S\CC\C00R00_MU90_SW,Live\B\S\R\C00R00_SW
102033458,Live\B\S\CC\C00R00_MU90_SW,Live\B\S\R\C00R00_SW
102033459,Live\AGNT,Live\B\S\R\C00R00_SW
102033460,Live\B\S\CC\C00R00_MU90_SW,Live\B\S\R\C00R00_SW
102033470,Live\B\S\CC\C00R00_MU90_SW,Live\B\S\R\C00R00_SW
102033457,Live\B\S\CC\C00R00_MU30,Live\B\S\R\C00R00_SW
102033472,Live\AGNT,Live\B\S\R\C00R00_SW
102033473,Live\AGNT,Live\B\S\R\C00R00_SW
102033475,Live\B\S\CC\C00R00_MU30_SW,Live\B\S\R\C00R00_SW
102033474,Live\B\S\IB\C00R00_MU20,Live\B\S\R\C00R00_SW
102033477,Live\B\S\CC\C00R00_MU90_SW,Live\B\S\R\C00R00_SW
102033479,Live\AGNT,Live\B\S\R\C00R00_SW
102033487,Live\A\E\IB\C12R00_XAU_NFLVG_SW,Live\B\S\R\C00R00_SW
102033488,Live\B\E\IB\C12R00_SW,Live\B\S\R\C00R00_SW
102033476,Live\B\S\CC\C00R00_MU30,Live\B\S\R\C00R00_SW
102033478,Live\B\S\CC\C00R00_MU90_SW,Live\B\S\R\C00R00_SW
102033483,Live\B\S\IB\C00R00_MU5,Live\B\S\R\C00R00_SW
102033482,Live\B\S\CC\C00R00_MU90_SW,Live\B\S\R\C00R00_SW
102033492,Live\B\S\IB\C00R00,Live\B\S\R\C00R00_SW
102033495,Live\B\S\CC\C00R00_MU90_SW,Live\B\S\R\C00R00_SW
102033486,Live\A\E\IB\C12R00_XAU_NFLVG_SW,Live\B\S\R\C00R00_SW
102033490,Live\B\S\IB\C00R00,Live\B\S\R\C00R00_SW
102033496,Live\B\S\CC\C00R00_MU90_SW,Live\B\S\R\C00R00_SW
102033498,Live\B\S\CC\C00R00_MU90_SW,Live\B\S\R\C00R00_SW
102033502,Live\B\S\CC\C00R00_MU90_SW,Live\B\S\R\C00R00_SW
102033512,Live\B\S\CC\C00R00_MU90_SW,Live\B\S\R\C00R00_SW
102033514,Live\AGNT,Live\B\S\R\C00R00_SW
102033515,Live\B\S\CC\C00R00_MU90_SW,Live\B\S\R\C00R00_SW
102033517,Live\B\S\CC\C00R00_MU90_SW,Live\B\S\R\C00R00_SW
102033503,Live\B\S\CC\C00R00_MU30_SW,Live\B\S\R\C00R00_SW
102033516,Live\B\S\IB\C00R00_MU20,Live\B\S\R\C00R00_SW
102033521,Live\B\S\IB\C00R00,Live\B\S\R\C00R00_SW
102033522,Live\B\S\CC\C00R00_MU90_SW,Live\B\S\R\C00R00_SW
102033523,Live\B\E\R\C05R00,Live\B\S\R\C00R00_SW
102033525,Live\HT_R_LL_1,Live\B\S\R\C00R00_SW
102033526,Live\AGNT,Live\B\S\R\C00R00_SW
102033527,Live\B\S\IB\C00R00_MU5_SW,Live\B\S\R\C00R00_SW
102033528,Live\B\S\CC\C00R00_MU90_SW,Live\B\S\R\C00R00_SW
102033529,Live\B\S\CC\C00R00_MU90_SW,Live\B\S\R\C00R00_SW
102033530,Live\B\S\CC\C00R00_MU90_SW,Live\B\S\R\C00R00_SW
102033532,Live\HT_R_LL_1,Live\B\S\R\C00R00_SW
102033539,Live\B\S\CC\C00R00_MU90_SW,Live\B\S\R\C00R00_SW
102033544,Live\B\S\CC\C00R00_MU90_SW,Live\B\S\R\C00R00_SW
102033545,Live\B\S\CC\C00R00,Live\B\S\R\C00R00_SW
102033531,Live\B\S\CC\C00R00_MU90_SW,Live\B\S\R\C00R00_SW
102033546,Live\HT_R_LL_1,Live\B\S\R\C00R00_SW
102033548,Live\B\S\IB\C00R00_MU5_SW,Live\B\S\R\C00R00_SW
102033550,Live\B\S\IB\C00R00_MU5_SW,Live\B\S\R\C00R00_SW
102033551,Live\B\S\IB\C00R00_MU5_SW,Live\B\S\R\C00R00_SW
102033552,Live\B\S\CC\C00R00_MU30_SW,Live\B\S\R\C00R00_SW
102033554,Live\B\S\CC\C00R00_MU30_SW,Live\B\S\R\C00R00_SW
102033555,Live\B\S\CC\C00R00_MU90_SW,Live\B\S\R\C00R00_SW
102033556,Live\B\S\CC\C00R00_MU90_SW,Live\B\S\R\C00R00_SW
102033557,Live\B\S\CC\C00R00_MU90_SW,Live\B\S\R\C00R00_SW
102033558,Live\B\S\CC\C00R00_MU90_SW,Live\B\S\R\C00R00_SW
102033562,Live\B\S\CC\C00R00_MU90_SW,Live\B\S\R\C00R00_SW
102033563,Live\B\S\CC\C00R00_MU90,Live\B\S\R\C00R00_SW
102033564,Live\B\S\CC\C00R00_MU90_SW,Live\B\S\R\C00R00_SW
102033565,Live\B\S\CC\C00R00_MU90_SW,Live\B\S\R\C00R00_SW
102033566,Live\B\S\CC\C00R00_MU90_SW,Live\B\S\R\C00R00_SW
102033567,Live\B\S\CC\C00R00_MU90_SW,Live\B\S\R\C00R00_SW
102033570,Live\B\S\CC\C00R00_MU90,Live\B\S\R\C00R00_SW
102033571,Live\B\S\CC\C00R00_MU90_SW,Live\B\S\R\C00R00_SW
102033572,Live\B\S\CC\C00R00_MU90_SW,Live\B\S\R\C00R00_SW
102033561,Live\B\S\CC\C00R00_MU90_SW,Live\B\S\R\C00R00_SW
102033573,Live\B\S\IB\C00R00_MU10_SW,Live\B\S\R\C00R00_SW
102033575,Live\B\S\CC\C00R00_MU90_SW,Live\B\S\R\C00R00_SW
102033577,Live\AGNT,Live\B\S\R\C00R00_SW
102033579,Live\B\S\CC\C00R00_MU90_SW,Live\B\S\R\C00R00_SW
102033580,Live\B\S\CC\C00R00_MU90_SW,Live\B\S\R\C00R00_SW
102033581,Live\B\S\CC\C00R00_MU90_SW,Live\B\S\R\C00R00_SW
102033582,Live\AGNT,Live\B\S\R\C00R00_SW
102033583,Live\B\S\CC\C00R00_MU90_SW,Live\B\S\R\C00R00_SW
102033585,Live\B\S\CC\C00R00_MU90_SW,Live\B\S\R\C00R00_SW
102033587,Live\B\S\IB\C00R00_MU20,Live\B\S\R\C00R00_SW
102033590,Live\B\S\CC\C00R00_MU30,Live\B\S\R\C00R00_SW
102033592,Live\B\S\IB\C00R00_MU5_SW,Live\B\S\R\C00R00_SW
102033594,Live\B\S\CC\C00R00_MU90_SW,Live\B\S\R\C00R00_SW
102033595,Live\B\S\CC\C00R00_MU90_SW,Live\B\S\R\C00R00_SW
102033596,Live\B\S\CC\C00R00_MU90_SW,Live\B\S\R\C00R00_SW
102033598,Live\B\S\CC\C00R00_MU90_SW,Live\B\S\R\C00R00_SW
102033601,Live\B\S\IB\C00R00_MU5_SW,Live\B\S\R\C00R00_SW
102033588,Live\B\S\CC\C00R00_MU90_SW,Live\B\S\R\C00R00_SW
102033603,Live\B\S\IB\C00R00_MU5_SW,Live\B\S\R\C00R00_SW
102033604,Live\B\S\CC\C00R00_MU30_SW,Live\B\S\R\C00R00_SW
102033605,Live\B\S\CC\C00R00_MU90_SW,Live\B\S\R\C00R00_SW
102033607,Live\B\S\IB\C00R00_MU5_SW,Live\B\S\R\C00R00_SW
102033602,Live\B\S\CC\C00R00_MU30_SW,Live\B\S\R\C00R00_SW
102033609,Live\B\S\CC\C00R00_MU90,Live\B\S\R\C00R00_SW
102033606,Live\B\S\CC\C00R00_MU90_SW,Live\B\S\R\C00R00_SW
102033610,Live\B\S\CC\C00R00_MU90_SW,Live\B\S\R\C00R00_SW
102033612,Live\B\S\CC\C00R00_MU90_SW,Live\B\S\R\C00R00_SW
102033618,Live\B\S\R\C00R00,Live\B\S\R\C00R00_SW
102033615,Live\B\S\CC\C00R00_MU90_SW,Live\B\S\R\C00R00_SW
102033619,Live\B\S\CC\C00R00,Live\B\S\R\C00R00_SW
102033624,Live\B\S\IB\C00R00_MU5_SW,Live\B\S\R\C00R00_SW
102033622,Live\B\S\CC\C00R00_MU90_SW,Live\B\S\R\C00R00_SW
102033625,Live\B\S\CC\C00R00_MU90_SW,Live\B\S\R\C00R00_SW
102033626,Live\B\S\CC\C00R00_MU90_SW,Live\B\S\R\C00R00_SW
102033627,Live\B\S\CC\C00R00_MU90_SW,Live\B\S\R\C00R00_SW
102033630,Live\B\S\IB\C00R00_MU5_SW,Live\B\S\R\C00R00_SW
102033631,Live\B\S\CC\C00R00_MU90_SW,Live\B\S\R\C00R00_SW
102033632,Live\B\S\CC\C00R00_MU90_SW,Live\B\S\R\C00R00_SW
102033637,Live\HT_R_LL_1,Live\B\S\R\C00R00_SW
102033644,Live\B\S\CC\C00R00_MU90_SW,Live\B\S\R\C00R00_SW
102033648,Live\HT_R_LL_1,Live\B\S\R\C00R00_SW
102033650,Live\B\S\CC\C00R00_MU90_SW,Live\B\S\R\C00R00_SW
102033638,Live\B\S\CC\C00R00_MU90_SW,Live\B\S\R\C00R00_SW
102033639,Live\B\S\CC\C00R00_MU90_SW,Live\B\S\R\C00R00_SW
102033657,Live\B\S\CC\C00R00_MU90_SW,Live\B\S\R\C00R00_SW
102033654,Live\B\S\CC\C00R00_MU90_SW,Live\B\S\R\C00R00_SW
102033651,Live\B\S\CC\C00R00_MU30_SW,Live\B\S\R\C00R00_SW
102033652,Live\AGNT,Live\B\S\R\C00R00_SW
102033649,Live\B\S\CC\C00R00_MU90_SW,Live\B\S\R\C00R00_SW
102033658,Live\B\S\IB\C00R00_MU5_SW,Live\B\S\R\C00R00_SW
102033656,Live\B\S\CC\C00R00,Live\B\S\R\C00R00_SW
102033661,Live\B\S\IB\C00R00_MU5_SW,Live\B\S\R\C00R00_SW
102033662,Live\B\S\CC\C00R00_MU90_SW,Live\B\S\R\C00R00_SW
102033664,Live\B\S\CC\C00R00_MU90_SW,Live\B\S\R\C00R00_SW
102033666,Live\B\S\CC\C00R00_MU90_SW,Live\B\S\R\C00R00_SW
102033659,Live\HT_R_LL_1,Live\B\S\R\C00R00_SW
102033677,Live\B\S\CC\C00R00_MU90_SW,Live\B\S\R\C00R00_SW
102033676,Live\B\S\IB\C00R00_MU5_SW,Live\B\S\R\C00R00_SW
102033672,Live\B\S\CC\C00R00_MU90_SW,Live\B\S\R\C00R00_SW
102033675,Live\B\S\CC\C00R00_MU30_SW,Live\B\S\R\C00R00_SW
102033684,Live\B\S\IB\C00R00_MU5_SW,Live\B\S\R\C00R00_SW
102033682,Live\AGNT,Live\B\S\R\C00R00_SW
102033678,Live\B\S\IB\C00R00_MU5_SW,Live\B\S\R\C00R00_SW
102033673,Live\B\S\CC\C00R00_MU90_SW,Live\B\S\R\C00R00_SW
102033688,Live\HT_R_LL_1,Live\B\S\R\C00R00_SW
102033689,Live\B\S\CC\C00R00_MU90_SW,Live\B\S\R\C00R00_SW
102033683,Live\B\E\R\C05R00_SW,Live\B\S\R\C00R00_SW
102033690,Live\AGNT,Live\B\S\R\C00R00_SW
102033694,Live\HT_R_LL_1,Live\B\S\R\C00R00_SW
102033695,Live\B\S\IB\C00R00_MU5_SW,Live\B\S\R\C00R00_SW
102033696,Live\HT_R_LL_1,Live\B\S\R\C00R00_SW
102033697,Live\B\S\IB\C00R00_MU5_SW,Live\B\S\R\C00R00_SW
102033698,Live\B\S\IB\C00R00_MU5_SW,Live\B\S\R\C00R00_SW
102033699,Live\B\S\CC\C00R00_MU90,Live\B\S\R\C00R00_SW
102033700,Live\B\S\CC\C00R00_MU90_SW,Live\B\S\R\C00R00_SW
102033703,Live\HT_R_LL_1,Live\B\S\R\C00R00_SW
102033705,Live\HT_R_LL_1,Live\B\S\R\C00R00_SW
102033709,Live\B\S\CC\C00R00_MU90_SW,Live\B\S\R\C00R00_SW
102033710,Live\B\S\IB\C00R00_MU5_SW,Live\B\S\R\C00R00_SW
102033711,Live\B\S\CC\C00R00_MU90_SW,Live\B\S\R\C00R00_SW
102033713,Live\HT_R_LL_1,Live\B\S\R\C00R00_SW
102033718,Live\B\S\CC\C00R00_MU90_SW,Live\B\S\R\C00R00_SW
102033719,Live\B\S\IB\C00R00_MU5_SW,Live\B\S\R\C00R00_SW
102033720,Live\B\S\CC\C00R00_MU90_SW,Live\B\S\R\C00R00_SW
102033722,Live\B\S\CC\C00R00_MU90_SW,Live\B\S\R\C00R00_SW
102033712,Live\B\S\CC\C00R00_MU90_SW,Live\B\S\R\C00R00_SW
102033724,Live\B\S\IB\C00R00_MU5_SW,Live\B\S\R\C00R00_SW
102033727,Live\B\S\CC\C00R00_MU90_SW,Live\B\S\R\C00R00_SW
102033715,Live\B\S\IB\C00R00_MU5_SW,Live\B\S\R\C00R00_SW
102033730,Live\B\S\IB\C00R00_MU5_SW,Live\B\S\R\C00R00_SW
102033731,Live\B\S\IB\C00R00_MU5_SW,Live\B\S\R\C00R00_SW
102033732,Live\HT_R_LL_1,Live\B\S\R\C00R00_SW
102033726,Live\B\S\CC\C00R00_MU90_SW,Live\B\S\R\C00R00_SW
102033734,Live\B\E\R\C05R00,Live\B\S\R\C00R00_SW
102033736,Live\B\S\CC\C00R00_MU90_SW,Live\B\S\R\C00R00_SW
102033738,Live\B\S\CC\C00R00_MU90_SW,Live\B\S\R\C00R00_SW
102033739,Live\B\S\CC\C00R00_MU90_SW,Live\B\S\R\C00R00_SW
102033735,Live\B\S\CC\C00R00_MU90_SW,Live\B\S\R\C00R00_SW
102033744,Live\B\S\CC\C00R00_MU90_SW,Live\B\S\R\C00R00_SW
102033743,Live\B\S\CC\C00R00_MU90_SW,Live\B\S\R\C00R00_SW
102033742,Live\B\S\R\C00R00,Live\B\S\R\C00R00_SW
102033745,Live\B\S\CC\C00R00_MU90_SW,Live\B\S\R\C00R00_SW
102033746,Live\B\S\IB\C00R00_MU5_SW,Live\B\S\R\C00R00_SW
102033748,Live\B\S\CC\C00R00_MU90_SW,Live\B\S\R\C00R00_SW
102033751,Live\B\S\CC\C00R00_MU90_SW,Live\B\S\R\C00R00_SW
102033756,Live\B\S\CC\C00R00_MU90_SW,Live\B\S\R\C00R00_SW
102033773,Live\HT_R_LL_1,Live\B\S\R\C00R00_SW
102033774,Live\HT_R_LL_1,Live\B\S\R\C00R00_SW
102033777,Live\AGNT,Live\B\S\R\C00R00_SW
102033783,Live\B\S\CC\C00R00_MU90_SW,Live\B\S\R\C00R00_SW
102033785,Live\B\S\CC\C00R00_MU90_SW,Live\B\S\R\C00R00_SW
102033791,Live\B\S\IB\C00R00_MU10_SW,Live\B\S\R\C00R00_SW
102033793,Live\B\S\IB\C00R00_MU5_SW,Live\B\S\R\C00R00_SW
102033794,Live\B\S\IB\C00R00_MU5_SW,Live\B\S\R\C00R00_SW
102033795,Live\B\S\CC\C00R00_MU90_SW,Live\B\S\R\C00R00_SW
102033786,Live\B\S\CC\C00R00_MU90_SW,Live\B\S\R\C00R00_SW
102033801,Live\B\S\CC\C00R00_MU90,Live\B\S\R\C00R00_SW
102033787,Live\B\S\IB\C00R00_MU20,Live\B\S\R\C00R00_SW
102033803,Live\B\S\IB\C00R00_MU5_SW,Live\B\S\R\C00R00_SW
102033792,Live\B\S\CC\C00R00_MU90_SW,Live\B\S\R\C00R00_SW
102033806,Live\B\S\CC\C00R00_MU90_SW,Live\B\S\R\C00R00_SW
102033796,Live\B\S\CC\C00R00_MU90_SW,Live\B\S\R\C00R00_SW
102033804,Live\B\S\IB\C00R00_MU5_SW,Live\B\S\R\C00R00_SW
102033802,Live\B\S\CC\C00R00_MU90_SW,Live\B\S\R\C00R00_SW
102033807,Live\B\S\CC\C00R00_MU30,Live\B\S\R\C00R00_SW
102033808,Live\B\S\CC\C00R00_MU90_SW,Live\B\S\R\C00R00_SW
102033811,Live\B\S\CC\C00R00_MU90_SW,Live\B\S\R\C00R00_SW
102033812,Live\B\S\CC\C00R00_MU90_SW,Live\B\S\R\C00R00_SW
102033809,Live\B\S\CC\C00R00_MU90_SW,Live\B\S\R\C00R00_SW
102033805,Live\B\S\CC\C00R00_MU90_SW,Live\B\S\R\C00R00_SW
102033817,Live\B\S\CC\C00R00_MU90_SW,Live\B\S\R\C00R00_SW
102033814,Live\AGNT,Live\B\S\R\C00R00_SW
102033822,Live\B\S\IB\C00R00_MU5_SW,Live\B\S\R\C00R00_SW
102033823,Live\B\S\IB\C00R00_MU5_SW,Live\B\S\R\C00R00_SW
102033815,Live\HT_R_LL_1,Live\B\S\R\C00R00_SW
102033810,Live\B\S\CC\C00R00_MU90_SW,Live\B\S\R\C00R00_SW
102033819,Live\B\P\R\C00R00_SW,Live\B\S\R\C00R00_SW
102033820,Live\B\P\R\C00R00,Live\B\S\R\C00R00_SW
102033821,Live\B\S\IB\C00R00_MU5_SW,Live\B\S\R\C00R00_SW
102033826,Live\B\S\CC\C00R00_MU90_SW,Live\B\S\R\C00R00_SW
102033827,Live\AGNT,Live\B\S\R\C00R00_SW
102033828,Live\B\S\CC\C00R00_MU90_SW,Live\B\S\R\C00R00_SW
102033831,Live\B\S\CC\C00R00_MU90_SW,Live\B\S\R\C00R00_SW
102033839,Live\B\S\CC\C00R00_MU30_SW,Live\B\S\R\C00R00_SW
102033842,Live\HT_R_LL_1,Live\B\S\R\C00R00_SW
102033843,Live\B\S\CC\C00R00_MU90_SW,Live\B\S\R\C00R00_SW
102033832,Live\B\S\CC\C00R00_MU90_SW,Live\B\S\R\C00R00_SW
102033836,Live\B\S\CC\C00R00_MU90_SW,Live\B\S\R\C00R00_SW
102033834,Live\B\P\R\C00R00,Live\B\S\R\C00R00_SW
102033824,Live\B\S\IB\C00R00_MU5_SW,Live\B\S\R\C00R00_SW
102033847,Live\B\S\CC\C00R00_MU90_SW,Live\B\S\R\C00R00_SW
102033848,Live\B\S\CC\C00R00_MU30,Live\B\S\R\C00R00_SW
102033849,Live\B\S\IB\C00R00_MU5_SW,Live\B\S\R\C00R00_SW
102033851,Live\B\S\IB\C00R00,Live\B\S\R\C00R00_SW
102033852,Live\B\S\CC\C00R00_MU90_SW,Live\B\S\R\C00R00_SW
102033865,Live\HT_R_LL_1,Live\B\S\R\C00R00_SW
102033869,Live\B\S\CC\C00R00_MU90_SW,Live\B\S\R\C00R00_SW
102033870,Live\B\S\CC\C00R00_MU90_SW,Live\B\S\R\C00R00_SW
102033872,Live\B\S\CC\C00R00_MU90_SW,Live\B\S\R\C00R00_SW
102033874,Live\B\S\CC\C00R00_MU90_SW,Live\B\S\R\C00R00_SW
102033853,Live\B\S\CC\C00R00_MU30,Live\B\S\R\C00R00_SW
102033850,Live\B\S\CC\C00R00_MU90_SW,Live\B\S\R\C00R00_SW
102033875,Live\B\S\CC\C00R00_MU30,Live\B\S\R\C00R00_SW
102033862,Live\B\S\IB\C00R00_MU5_SW,Live\B\S\R\C00R00_SW
102033876,Live\HT_R_LL_1,Live\B\S\R\C00R00_SW
102033877,Live\HT_R_LL_1,Live\B\S\R\C00R00_SW
102033887,Live\B\S\CC\C00R00_MU90_SW,Live\B\S\R\C00R00_SW
102033890,Live\B\S\IB\C00R00_MU5_SW,Live\B\S\R\C00R00_SW
102033891,Live\HT_R_LL_1,Live\B\S\R\C00R00_SW
102033894,Live\HT_R_LL_1,Live\B\S\R\C00R00_SW
102033892,Live\B\S\IB\C00R00_MU5_SW,Live\B\S\R\C00R00_SW
102033893,Live\B\S\IB\C00R00_MU5_SW,Live\B\S\R\C00R00_SW
102033888,Live\B\S\CC\C00R00_MU90,Live\B\S\R\C00R00_SW
102033889,Live\B\S\CC\C00R00_MU90_SW,Live\B\S\R\C00R00_SW
102033898,Live\B\P\R\C00R00,Live\B\S\R\C00R00_SW
102033899,Live\B\S\CC\C00R00_MU90_SW,Live\B\S\R\C00R00_SW
102033900,Live\B\S\CC\C00R00_MU90_SW,Live\B\S\R\C00R00_SW
102033896,Live\B\S\CC\C00R00_MD8_SW,Live\B\S\R\C00R00_SW
102033901,Live\B\S\CC\C00R00_MU90_SW,Live\B\S\R\C00R00_SW
102033905,Live\B\S\CC\C00R00_MU90_SW,Live\B\S\R\C00R00_SW
102033929,Live\B\S\IB\C00R00_MU5_SW,Live\B\S\R\C00R00_SW
102033935,Live\B\S\IB\C00R00_MU5_SW,Live\B\S\R\C00R00_SW
102033937,Live\B\S\IB\C00R00_MU5_SW,Live\B\S\R\C00R00_SW
102033938,Live\B\S\IB\C00R00_MU5_SW,Live\B\S\R\C00R00_SW
102033943,Live\B\S\CC\C00R00_MU90_SW,Live\B\S\R\C00R00_SW
102033944,Live\HT_R_LL_1,Live\B\S\R\C00R00_SW
102033936,Live\HT_R_LL_1,Live\B\S\R\C00R00_SW
102033962,Live\B\S\IB\C00R00_MU5_SW,Live\B\S\R\C00R00_SW
102033981,Live\B\S\CC\C00R00_MU90_SW,Live\B\S\R\C00R00_SW
102033975,Live\B\S\CC\C00R00_MU90_SW,Live\B\S\R\C00R00_SW
102033974,Live\B\S\CC\C00R00_MU90_SW,Live\B\S\R\C00R00_SW
102033986,Live\B\S\IB\C00R00_MU5_SW,Live\B\S\R\C00R00_SW
102033978,Live\B\S\CC\C00R00_MU90_SW,Live\B\S\R\C00R00_SW
102033997,Live\B\S\CC\C00R00_MU30,Live\B\S\R\C00R00_SW
102033994,Live\B\S\CC\C00R00_MU90_SW,Live\B\S\R\C00R00_SW
102033998,Live\B\S\IB\C00R00_MU30,Live\B\S\R\C00R00_SW
102034013,Live\B\S\CC\C00R00_MU90_SW,Live\B\S\R\C00R00_SW
102034014,Live\B\S\CC\C00R00_MU90_SW,Live\B\S\R\C00R00_SW
102034016,Live\B\S\CC\C00R00_MU90_SW,Live\B\S\R\C00R00_SW
102034023,Live\B\S\CC\C00R00_MU90_SW,Live\B\S\R\C00R00_SW
102034029,Live\B\S\CC\C00R00_MU90_SW,Live\B\S\R\C00R00_SW
102034031,Live\B\S\CC\C00R00_MU90_SW,Live\B\S\R\C00R00_SW
102034024,Live\HT_R_LL_1,Live\B\S\R\C00R00_SW
102034017,Live\B\S\CC\C00R00_MU90_SW,Live\B\S\R\C00R00_SW
102034032,Live\B\S\CC\C00R00_MU90_SW,Live\B\S\R\C00R00_SW
102034033,Live\B\S\CC\C00R00_MU90,Live\B\S\R\C00R00_SW
102034041,Live\B\S\CC\C00R00_MU90_SW,Live\B\S\R\C00R00_SW
102034042,Live\B\S\CC\C00R00_MU90_SW,Live\B\S\R\C00R00_SW
102034043,Live\B\S\IB\C00R00_MU30,Live\B\S\R\C00R00_SW
102034046,Live\B\S\CC\C00R00_MU90_SW,Live\B\S\R\C00R00_SW
102034047,Live\B\S\CC\C00R00_MU90_SW,Live\B\S\R\C00R00_SW
102034052,Live\HT_R_LL_1,Live\B\S\R\C00R00_SW
102034061,Live\B\S\CC\C00R00_MU90_SW,Live\B\S\R\C00R00_SW
102034062,Live\B\S\CC\C00R00_MU90_SW,Live\B\S\R\C00R00_SW
102034063,Live\B\S\CC\C00R00_MU30_SW,Live\B\S\R\C00R00_SW
102034064,Live\B\S\CC\C00R00_MU90_SW,Live\B\S\R\C00R00_SW
102034065,Live\B\S\CC\C00R00_MU30,Live\B\S\R\C00R00_SW
102034055,Live\B\S\CC\C00R00_MU90_SW,Live\B\S\R\C00R00_SW
102034056,Live\B\S\CC\C00R00_MU30_SW,Live\B\S\R\C00R00_SW
102034066,Live\B\S\IB\C00R00_MU30,Live\B\S\R\C00R00_SW
102034067,Live\B\S\CC\C00R00_MU90_SW,Live\B\S\R\C00R00_SW
102034070,Live\B\P\R\C00R00,Live\B\S\R\C00R00_SW
102034071,Live\B\S\CC\C00R00_MU90_SW,Live\B\S\R\C00R00_SW
102034072,Live\B\S\CC\C00R00_MU90_SW,Live\B\S\R\C00R00_SW
102034074,Live\B\S\IB\C00R00_MU30,Live\B\S\R\C00R00_SW
102034075,Live\B\S\CC\C00R00_MU90_SW,Live\B\S\R\C00R00_SW
102034076,Live\B\S\CC\C00R00_MU90_SW,Live\B\S\R\C00R00_SW
102034077,Live\B\S\CC\C00R00_MU90_SW,Live\B\S\R\C00R00_SW
102034078,Live\B\S\CC\C00R00_MU90_SW,Live\B\S\R\C00R00_SW
102034079,Live\B\S\IB\C00R00_MU5_SW,Live\B\S\R\C00R00_SW
102034080,Live\B\S\CC\C00R00_MU90_SW,Live\B\S\R\C00R00_SW
102034081,Live\B\S\CC\C00R00_MU90_SW,Live\B\S\R\C00R00_SW
102034083,Live\B\S\CC\C00R00_MU90_SW,Live\B\S\R\C00R00_SW
102034084,Live\B\S\IB\C00R00_MU30,Live\B\S\R\C00R00_SW
102034086,Live\B\S\CC\C00R00_MU90_SW,Live\B\S\R\C00R00_SW
102034089,Live\B\S\CC\C00R00_MU90_SW,Live\B\S\R\C00R00_SW
102034101,Live\HT_R_LL_1,Live\B\S\R\C00R00_SW
102034102,Live\B\S\IB\C00R00_MU10_SW,Live\B\S\R\C00R00_SW
102034107,Live\B\S\IB\-SLV-3-C00R00_MU5_SW,Live\B\S\R\C00R00_SW
102034104,Live\B\S\R\C00R00,Live\B\S\R\C00R00_SW
102034110,Live\B\S\CC\C00R00_MU90_SW,Live\B\S\R\C00R00_SW
102034108,Live\HT_R_LL_1,Live\B\S\R\C00R00_SW
102034111,Live\HT_R_LL_1,Live\B\S\R\C00R00_SW
102034085,Live\B\E\R\C05R00_SW,Live\B\S\R\C00R00_SW
102034109,Live\B\S\IB\C00R00_MU10_SW,Live\B\S\R\C00R00_SW
102034112,Live\HT_R_LL_1,Live\B\S\R\C00R00_SW
102034113,Live\B\S\CC\C00R00_MU90_SW,Live\B\S\R\C00R00_SW
102034115,Live\B\S\CC\C00R00_MU90_SW,Live\B\S\R\C00R00_SW
102034116,Live\B\S\CC\C00R00_MU90_SW,Live\B\S\R\C00R00_SW
102034119,Live\B\S\CC\C00R00_MU90_SW,Live\B\S\R\C00R00_SW
102034120,Live\B\S\CC\C00R00_MU90_SW,Live\B\S\R\C00R00_SW
102034125,Live\B\S\CC\C00R00_MU90_SW,Live\B\S\R\C00R00_SW
102034129,Live\B\S\CC\C00R00_MU90_SW,Live\B\S\R\C00R00_SW
102034131,Live\HT_R_LL_1,Live\B\S\R\C00R00_SW
102034133,Live\B\S\CC\C00R00_MU90_SW,Live\B\S\R\C00R00_SW
102034134,Live\B\S\IB\C00R00_MU5_SW,Live\B\S\R\C00R00_SW
102034135,Live\B\S\R\C00R00,Live\B\S\R\C00R00_SW
102034137,Live\B\S\CC\C00R00_MU90_SW,Live\B\S\R\C00R00_SW
102034140,Live\B\S\CC\C00R00_MU90_SW,Live\B\S\R\C00R00_SW
102034141,Live\AGNT,Live\B\S\R\C00R00_SW
102034143,Live\B\S\CC\C00R00_MU90_SW,Live\B\S\R\C00R00_SW
102034130,Live\B\S\CC\C00R00_MU90_SW,Live\B\S\R\C00R00_SW
102034145,Live\B\S\CC\C00R00_MU90_SW,Live\B\S\R\C00R00_SW
102034147,Live\B\S\CC\C00R00_MU90_SW,Live\B\S\R\C00R00_SW
102034148,Live\B\S\IB\C00R00,Live\B\S\R\C00R00_SW
102034149,Live\B\S\CC\C00R00_MU90_SW,Live\B\S\R\C00R00_SW
102034150,Live\B\S\CC\C00R00_MU90_SW,Live\B\S\R\C00R00_SW
102034151,Live\B\S\R\C00R00,Live\B\S\R\C00R00_SW
102034152,Live\B\S\CC\C00R00_MU90_SW,Live\B\S\R\C00R00_SW
102034153,Live\HT_R_LL_1,Live\B\S\R\C00R00_SW
102034155,Live\B\S\CC\C00R00_MU30_SW,Live\B\S\R\C00R00_SW
102034144,Live\B\S\CC\C00R00_MU30_SW,Live\B\S\R\C00R00_SW
102034159,Live\B\S\CC\C00R00_MU30_SW,Live\B\S\R\C00R00_SW
102034160,Live\B\S\CC\C00R00_MU90_SW,Live\B\S\R\C00R00_SW
102034162,Live\HT_R_LL_1,Live\B\S\R\C00R00_SW
102034164,Live\B\S\CC\C00R00_MU90_SW,Live\B\S\R\C00R00_SW
102034165,Live\B\S\CC\C00R00_MU90_SW,Live\B\S\R\C00R00_SW
102034167,Live\B\S\CC\C00R00_MU90_SW,Live\B\S\R\C00R00_SW
102034168,Live\B\S\R\C00R00,Live\B\S\R\C00R00_SW
102034169,Live\B\S\R\C00R00,Live\B\S\R\C00R00_SW
102034171,Live\B\S\CC\C00R00_MU90,Live\B\S\R\C00R00_SW
102034172,Live\B\S\CC\C00R00_MU90_SW,Live\B\S\R\C00R00_SW
102034173,Live\HT_R_LL_1,Live\B\S\R\C00R00_SW
102034175,Live\B\S\CC\C00R00,Live\B\S\R\C00R00_SW
102034178,Live\B\S\CC\C00R00_MU90_SW,Live\B\S\R\C00R00_SW
102034179,Live\B\S\CC\C00R00_MU90_SW,Live\B\S\R\C00R00_SW
102034180,Live\B\S\CC\C00R00_MU90_SW,Live\B\S\R\C00R00_SW
102034182,Live\B\S\CC\C00R00_MU90_SW,Live\B\S\R\C00R00_SW
102034183,Live\B\S\IB\C00R00,Live\B\S\R\C00R00_SW
102034187,Live\B\S\IB\C00R00,Live\B\S\R\C00R00_SW
102034184,Live\HT_R_LL_1,Live\B\S\R\C00R00_SW
102034185,Live\B\S\IB\C00R00,Live\B\S\R\C00R00_SW
102034177,Live\HT_R_LL_1,Live\B\S\R\C00R00_SW
102034188,Live\B\S\IB\C00R00,Live\B\S\R\C00R00_SW
102034189,Live\B\S\R\C00R00,Live\B\S\R\C00R00_SW
102034191,Live\B\S\IB\C00R00,Live\B\S\R\C00R00_SW
102034196,Live\B\S\CC\C00R00_MU90_SW,Live\B\S\R\C00R00_SW
102034197,Live\B\S\CC\C00R00_MU90_SW,Live\B\S\R\C00R00_SW
102034193,Live\B\S\CC\C00R00_MU90_SW,Live\B\S\R\C00R00_SW
102034195,Live\B\S\CC\C00R00_MU90_SW,Live\B\S\R\C00R00_SW
102034198,Live\B\S\R\C00R00,Live\B\S\R\C00R00_SW
102034206,Live\B\S\R\C00R00,Live\B\S\R\C00R00_SW
102034204,Live\B\S\CC\C00R00_MU90_SW,Live\B\S\R\C00R00_SW
102034205,Live\B\S\CC\C00R00_MU90_SW,Live\B\S\R\C00R00_SW
102034199,Live\B\S\CC\C00R00_MU10,Live\B\S\R\C00R00_SW
102034203,Live\B\S\CC\C00R00_MU90_SW,Live\B\S\R\C00R00_SW
102034208,Live\B\S\CC\C00R00_MU90,Live\B\S\R\C00R00_SW
102034210,Live\B\S\R\C00R00,Live\B\S\R\C00R00_SW
102034212,Live\B\S\CC\C00R00_MU90_SW,Live\B\S\R\C00R00_SW
102034202,Live\B\S\CC\C00R00_MU90_SW,Live\B\S\R\C00R00_SW
102034214,Live\B\S\CC\C00R00_MU90_SW,Live\B\S\R\C00R00_SW
102034215,Live\B\S\CC\C00R00_MU90,Live\B\S\R\C00R00_SW
102034216,Live\B\S\CC\C00R00_MU90_SW,Live\B\S\R\C00R00_SW
102034220,Live\B\S\CC\C00R00_MU90_SW,Live\B\S\R\C00R00_SW
102034223,Live\B\S\CC\C00R00_MU90_SW,Live\B\S\R\C00R00_SW
102034219,Live\B\S\CC\C00R00_MU30,Live\B\S\R\C00R00_SW
102034218,Live\AGNT,Live\B\S\R\C00R00_SW
102034213,Live\B\S\CC\C00R00_MU90_SW,Live\B\S\R\C00R00_SW
102034229,Live\B\S\CC\C00R00_MU90_SW,Live\B\S\R\C00R00_SW
102034217,Live\B\S\CC\C00R00_MU30_SW,Live\B\S\R\C00R00_SW
102034227,Live\B\S\CC\C00R00_MU90_SW,Live\B\S\R\C00R00_SW
102034228,Live\B\S\R\C00R00,Live\B\S\R\C00R00_SW
102034231,Live\B\S\R\C00R00,Live\B\S\R\C00R00_SW
102034232,Live\B\S\CC\C00R00_MU90_SW,Live\B\S\R\C00R00_SW
102034230,Live\B\S\CC\C00R00_MU90_SW,Live\B\S\R\C00R00_SW
102034238,Live\B\S\R\C00R00,Live\B\S\R\C00R00_SW
102034240,Live\B\S\CC\C00R00,Live\B\S\R\C00R00_SW
102034241,Live\B\S\CC\C00R00_MU30_SW,Live\B\S\R\C00R00_SW
102034242,Live\B\S\CC\C00R00_MU90_SW,Live\B\S\R\C00R00_SW
102034236,Live\B\S\CC\C00R00_MU30,Live\B\S\R\C00R00_SW
102034233,Live\B\S\CC\C00R00_MU90_SW,Live\B\S\R\C00R00_SW
102034243,Live\B\S\CC\C00R00_MU90_SW,Live\B\S\R\C00R00_SW
102034245,Live\B\S\R\C00R00,Live\B\S\R\C00R00_SW
102034237,Live\B\S\CC\C00R00_MU30_SW,Live\B\S\R\C00R00_SW
102034250,Live\B\S\CC\C00R00_MU90_SW,Live\B\S\R\C00R00_SW
102034246,Live\B\S\CC\C00R00_MU90_SW,Live\B\S\R\C00R00_SW
102034256,Live\B\S\CC\C00R00_MU90_SW,Live\B\S\R\C00R00_SW
102034244,Live\B\S\R\C00R00,Live\B\S\R\C00R00_SW
102034248,Live\B\S\CC\C00R00_MU90_SW,Live\B\S\R\C00R00_SW
102034251,Live\B\S\R\C00R00,Live\B\S\R\C00R00_SW
102034254,Live\B\S\CC\C00R00_MU90_SW,Live\B\S\R\C00R00_SW
102034255,Live\B\S\R\C00R00,Live\B\S\R\C00R00_SW
102034249,Live\B\S\R\C00R00,Live\B\S\R\C00R00_SW
102034258,Live\B\S\CC\C00R00_MU30,Live\B\S\R\C00R00_SW
102034257,Live\B\S\CC\C00R00_MU90_SW,Live\B\S\R\C00R00_SW
102034259,Live\B\S\CC\C00R00_MU90_SW,Live\B\S\R\C00R00_SW
102034260,Live\HT_R_LL_1,Live\B\S\R\C00R00_SW
102034261,Live\HT_R_LL_1,Live\B\S\R\C00R00_SW
102034267,Live\B\S\CC\C00R00_MU90_SW,Live\B\S\R\C00R00_SW
102034268,Live\B\S\CC\C00R00_MU90_SW,Live\B\S\R\C00R00_SW
102034269,Live\B\S\R\C00R00,Live\B\S\R\C00R00_SW
102034271,Live\B\S\CC\C00R00_MU90_SW,Live\B\S\R\C00R00_SW
102034270,Live\HT_R_LL_1,Live\B\S\R\C00R00_SW
102034272,Live\HT_R_LL_1,Live\B\S\R\C00R00_SW
102034274,Live\B\S\CC\C00R00_MU90_SW,Live\B\S\R\C00R00_SW
102034275,Live\B\S\CC\C00R00_MU90_SW,Live\B\S\R\C00R00_SW
102034276,Live\B\S\R\C00R00,Live\B\S\R\C00R00_SW
102034278,Live\B\S\IB\C00R00,Live\B\S\R\C00R00_SW
102034280,Live\B\S\CC\C00R00_MU90_SW,Live\B\S\R\C00R00_SW
102034286,Live\B\S\CC\C00R00_MU90_SW,Live\B\S\R\C00R00_SW
102034287,Live\B\S\CC\C00R00_MU90_SW,Live\B\S\R\C00R00_SW
102034288,Live\B\S\CC\C00R00_MU90_SW,Live\B\S\R\C00R00_SW
102034292,Live\B\S\R\C00R00,Live\B\S\R\C00R00_SW
102034295,Live\B\S\IB\C00R00_MU5_SW,Live\B\S\R\C00R00_SW
102034296,Live\B\S\IB\C00R00,Live\B\S\R\C00R00_SW
102034300,Live\B\S\CC\C00R00_MU90_SW,Live\B\S\R\C00R00_SW
102034303,Live\B\S\CC\C00R00_MU90_SW,Live\B\S\R\C00R00_SW
102034291,Live\B\S\IB\C00R00_MU10_SW,Live\B\S\R\C00R00_SW
102034305,Live\B\S\CC\C00R00_MU90_SW,Live\B\S\R\C00R00_SW
102034301,Live\B\S\CC\C00R00_MU90_SW,Live\B\S\R\C00R00_SW
102034307,Live\B\S\CC\C00R00_MU90,Live\B\S\R\C00R00_SW
102034294,Live\B\S\IB\C00R00_MU5_SW,Live\B\S\R\C00R00_SW
102034308,Live\B\S\CC\C00R00_MU90_SW,Live\B\S\R\C00R00_SW
102034309,Live\B\S\CC\C00R00_MU90_SW,Live\B\S\R\C00R00_SW
102034306,Live\B\S\R\C00R00,Live\B\S\R\C00R00_SW
102034313,Live\B\S\CC\C00R00_MU90_SW,Live\B\S\R\C00R00_SW
102034310,Live\B\S\CC\C00R00_MU90_SW,Live\B\S\R\C00R00_SW
102034304,Live\HT_R_LL_1,Live\B\S\R\C00R00_SW
102034317,Live\B\S\CC\C00R00_MU90_SW,Live\B\S\R\C00R00_SW
102034320,Live\B\S\CC\C00R00_MU90_SW,Live\B\S\R\C00R00_SW
102034324,Live\HT_R_LL_1,Live\B\S\R\C00R00_SW
102034325,Live\B\S\IB\C00R00_MU5_SW,Live\B\S\R\C00R00_SW
102034326,Live\B\S\CC\C00R00_MU30_SW,Live\B\S\R\C00R00_SW
102034312,Live\B\S\CC\C00R00_MU90_SW,Live\B\S\R\C00R00_SW
102034311,Live\B\S\CC\C00R00_MU90_SW,Live\B\S\R\C00R00_SW
102034327,Live\B\S\CC\C00R00_MU90_SW,Live\B\S\R\C00R00_SW
102034328,Live\B\S\R\C00R00,Live\B\S\R\C00R00_SW
102034329,Live\B\S\CC\C00R00_MU90_SW,Live\B\S\R\C00R00_SW
102034331,Live\B\S\CC\C00R00_MU90_SW,Live\B\S\R\C00R00_SW
102034333,Live\B\S\CC\C00R00_MU90_SW,Live\B\S\R\C00R00_SW
102034334,Live\B\S\CC\C00R00_MU90_SW,Live\B\S\R\C00R00_SW
102034335,Live\B\S\R\C00R00,Live\B\S\R\C00R00_SW
102034336,Live\B\S\CC\C00R00_MU30_SW,Live\B\S\R\C00R00_SW
102034340,Live\HT_R_LL_1,Live\B\S\R\C00R00_SW
102034339,Live\B\S\CC\C00R00_MU90_SW,Live\B\S\R\C00R00_SW
102034342,Live\B\S\R\C00R00,Live\B\S\R\C00R00_SW
102034343,Live\HT_R_LL_1,Live\B\S\R\C00R00_SW
102034346,Live\B\S\CC\C00R00_MU90_SW,Live\B\S\R\C00R00_SW
102034347,Live\B\S\CC\C00R00_MU90_SW,Live\B\S\R\C00R00_SW
102034345,Live\B\S\CC\C00R00_MU90_SW,Live\B\S\R\C00R00_SW
102034344,Live\B\S\CC\C00R00_MU90_SW,Live\B\S\R\C00R00_SW
102034348,Live\B\S\CC\C00R00_MU30_SW,Live\B\S\R\C00R00_SW
102034350,Live\B\S\CC\C00R00_MU90_SW,Live\B\S\R\C00R00_SW
102034351,Live\B\S\CC\C00R00_MU90_SW,Live\B\S\R\C00R00_SW
102034352,Live\B\S\CC\C00R00_MU90_SW,Live\B\S\R\C00R00_SW
102034353,Live\B\S\CC\C00R00_MU90_SW,Live\B\S\R\C00R00_SW
102034356,Live\B\S\CC\C00R00_MU90_SW,Live\B\S\R\C00R00_SW
102034357,Live\B\S\CC\C00R00_MU90_SW,Live\B\S\R\C00R00_SW
102034361,Live\B\S\R\C00R00,Live\B\S\R\C00R00_SW
102034362,Live\HT_R_LL_1,Live\B\S\R\C00R00_SW
102034349,Live\B\S\CC\C00R00_MU90_SW,Live\B\S\R\C00R00_SW
102034364,Live\B\S\CC\C00R00_MU90_SW,Live\B\S\R\C00R00_SW
102034365,Live\HT_R_LL_1,Live\B\S\R\C00R00_SW
102034366,Live\B\S\CC\C00R00_MU90_SW,Live\B\S\R\C00R00_SW
102034367,Live\B\S\CC\C00R00_MU90_SW,Live\B\S\R\C00R00_SW
102034359,Live\B\S\CC\C00R00_MU90,Live\B\S\R\C00R00_SW
102034369,Live\B\S\CC\C00R00_MU90_SW,Live\B\S\R\C00R00_SW
102034370,Live\B\S\R\C00R00,Live\B\S\R\C00R00_SW
102034371,Live\B\S\CC\C00R00_MU30,Live\B\S\R\C00R00_SW
102034372,Live\B\S\IB\C00R00,Live\B\S\R\C00R00_SW
102034373,Live\B\S\CC\C00R00_MU90_SW,Live\B\S\R\C00R00_SW
102034374,Live\B\S\CC\C00R00_MU90_SW,Live\B\S\R\C00R00_SW
102034375,Live\B\S\CC\C00R00_MU90_SW,Live\B\S\R\C00R00_SW
102034376,Live\B\S\CC\C00R00_MU90_SW,Live\B\S\R\C00R00_SW
102034381,Live\B\S\CC\C00R00_MU10,Live\B\S\R\C00R00_SW
102034390,Live\B\S\R\C00R00,Live\B\S\R\C00R00_SW
102034392,Live\HT_R_LL_1,Live\B\S\R\C00R00_SW
102034393,Live\B\S\R\C00R00,Live\B\S\R\C00R00_SW
102034394,Live\B\S\R\C00R00,Live\B\S\R\C00R00_SW
102034395,Live\B\S\R\C00R00,Live\B\S\R\C00R00_SW
102034387,Live\B\S\CC\C00R00_MU90_SW,Live\B\S\R\C00R00_SW
102034378,Live\B\S\CC\C00R00_MU30_SW,Live\B\S\R\C00R00_SW
102034398,Live\B\S\R\C00R00,Live\B\S\R\C00R00_SW
102034399,Live\HT_R_LL_1,Live\B\S\R\C00R00_SW
102034400,Live\B\S\CC\C00R00_MU90_SW,Live\B\S\R\C00R00_SW
102034401,Live\B\S\R\C00R00,Live\B\S\R\C00R00_SW
102034403,Live\B\S\R\C00R00,Live\B\S\R\C00R00_SW
102034404,Live\B\S\R\C00R00,Live\B\S\R\C00R00_SW
102034405,Live\B\S\CC\C00R00_MU90_SW,Live\B\S\R\C00R00_SW
102034407,Live\B\S\CC\C00R00_MU90_SW,Live\B\S\R\C00R00_SW
102034409,Live\B\S\R\C00R00,Live\B\S\R\C00R00_SW
102034411,Live\HT_R_LL_1,Live\B\S\R\C00R00_SW
102034408,Live\B\S\R\C00R00,Live\B\S\R\C00R00_SW
102034406,Live\B\S\R\C00R00,Live\B\S\R\C00R00_SW
102034412,Live\B\S\CC\C00R00_MU90_SW,Live\B\S\R\C00R00_SW
102034413,Live\B\S\CC\C00R00_MU90_SW,Live\B\S\R\C00R00_SW
102034414,Live\B\S\CC\C00R00_MU90_SW,Live\B\S\R\C00R00_SW
102034415,Live\B\S\CC\C00R00_MU90_SW,Live\B\S\R\C00R00_SW
102034417,Live\B\S\CC\C00R00_MU90_SW,Live\B\S\R\C00R00_SW
102034420,Live\B\S\CC\C00R00_MU30_SW,Live\B\S\R\C00R00_SW
102034422,Live\B\S\CC\C00R00_MU90_SW,Live\B\S\R\C00R00_SW
102034423,Live\B\S\CC\C00R00_MU90_SW,Live\B\S\R\C00R00_SW
102034424,Live\B\S\R\C00R00,Live\B\S\R\C00R00_SW
102034426,Live\B\S\CC\C00R00_MU90_SW,Live\B\S\R\C00R00_SW
102034419,Live\B\S\CC\C00R00_MU90_SW,Live\B\S\R\C00R00_SW
102034418,Live\B\S\R\C00R00,Live\B\S\R\C00R00_SW
102034427,Live\B\S\CC\C00R00_MU30,Live\B\S\R\C00R00_SW
102034428,Live\B\S\CC\C00R00_MU30,Live\B\S\R\C00R00_SW
102034432,Live\B\S\CC\C00R00_MU90_SW,Live\B\S\R\C00R00_SW
102034434,Live\B\S\CC\C00R00_MU90_SW,Live\B\S\R\C00R00_SW
102034435,Live\B\S\CC\C00R00_MU90_SW,Live\B\S\R\C00R00_SW
102034436,Live\B\S\R\C00R00,Live\B\S\R\C00R00_SW
102034438,Live\B\S\CC\C00R00_MU90_SW,Live\B\S\R\C00R00_SW
102034439,Live\B\S\CC\C00R00_MU90_SW,Live\B\S\R\C00R00_SW
102034440,Live\B\S\CC\C00R00_MU90_SW,Live\B\S\R\C00R00_SW
102034430,Live\B\S\CC\C00R00_MU90_SW,Live\B\S\R\C00R00_SW
102034441,Live\B\S\CC\C00R00_MU90_SW,Live\B\S\R\C00R00_SW
102034442,Live\B\S\CC\C00R00_MU90_SW,Live\B\S\R\C00R00_SW
102034443,Live\B\S\CC\C00R00_MU90_SW,Live\B\S\R\C00R00_SW
102034444,Live\B\S\CC\C00R00_MU90_SW,Live\B\S\R\C00R00_SW
102034445,Live\B\S\CC\C00R00_MU90_SW,Live\B\S\R\C00R00_SW
102034437,Live\B\S\CC\C00R00_MU90,Live\B\S\R\C00R00_SW
102034446,Live\B\S\CC\C00R00_MU90,Live\B\S\R\C00R00_SW
102034447,Live\HT_R_LL_1,Live\B\S\R\C00R00_SW
102034449,Live\B\S\CC\C00R00_MU30_SW,Live\B\S\R\C00R00_SW
102034452,Live\B\S\CC\C00R00_MU30_SW,Live\B\S\R\C00R00_SW
102034455,Live\B\S\R\C00R00,Live\B\S\R\C00R00_SW
102034450,Live\HT_R_LL_1,Live\B\S\R\C00R00_SW
102034456,Live\AGNT,Live\B\S\R\C00R00_SW
102034457,Live\B\S\R\C00R00,Live\B\S\R\C00R00_SW
102034458,Live\B\S\CC\C00R00_MU90_SW,Live\B\S\R\C00R00_SW
102034460,Live\B\S\CC\C00R00_MU90_SW,Live\B\S\R\C00R00_SW
102034464,Live\B\S\CC\C00R00_MU30_SW,Live\B\S\R\C00R00_SW
102034466,Live\B\S\CC\C00R00_MU90_SW,Live\B\S\R\C00R00_SW
102034468,Live\B\S\CC\C00R00_MU30,Live\B\S\R\C00R00_SW
102034462,Live\B\S\CC\C00R00_SW,Live\B\S\R\C00R00_SW
102034475,Live\B\S\CC\C00R00_MU90_SW,Live\B\S\R\C00R00_SW
102034476,Live\B\S\CC\C00R00_MU90_SW,Live\B\S\R\C00R00_SW
102034477,Live\B\S\CC\C00R00_MU30,Live\B\S\R\C00R00_SW
102034478,Live\B\S\CC\C00R00_MU90_SW,Live\B\S\R\C00R00_SW
102034479,Live\B\S\CC\C00R00_MU90_SW,Live\B\S\R\C00R00_SW
102034480,Live\B\S\CC\C00R00_MU90_SW,Live\B\S\R\C00R00_SW
102034482,Live\B\S\CC\C00R00_MU90_SW,Live\B\S\R\C00R00_SW
102034484,Live\B\S\R\C00R00,Live\B\S\R\C00R00_SW
102034483,Live\B\S\CC\C00R00_MU90_SW,Live\B\S\R\C00R00_SW
102034485,Live\B\S\R\C00R00,Live\B\S\R\C00R00_SW
102034486,Live\B\S\CC\C00R00_MU90_SW,Live\B\S\R\C00R00_SW
102034488,Live\B\S\CC\C00R00_MU90_SW,Live\B\S\R\C00R00_SW
102034490,Live\B\S\CC\C00R00_MU90_SW,Live\B\S\R\C00R00_SW
102034491,Live\B\S\CC\C00R00_MU90_SW,Live\B\S\R\C00R00_SW
102034492,Live\B\S\CC\C00R00_MU90_SW,Live\B\S\R\C00R00_SW
102034493,Live\B\S\CC\C00R00_MU30_SW,Live\B\S\R\C00R00_SW
102034494,Live\B\S\CC\C00R00_MU90_SW,Live\B\S\R\C00R00_SW
102034495,Live\B\S\R\C00R00,Live\B\S\R\C00R00_SW
102034496,Live\B\S\CC\C00R00_MU90_SW,Live\B\S\R\C00R00_SW
102034497,Live\B\S\CC\C00R00_MU90_SW,Live\B\S\R\C00R00_SW
102034498,Live\AGNT,Live\B\S\R\C00R00_SW
102034499,Live\B\S\R\C00R00,Live\B\S\R\C00R00_SW
102034500,Live\B\S\CC\C00R00_MU90_SW,Live\B\S\R\C00R00_SW
102034503,Live\B\S\CC\C00R00_MU90_SW,Live\B\S\R\C00R00_SW
102034504,Live\B\S\CC\C00R00_MU90_SW,Live\B\S\R\C00R00_SW
102034505,Live\B\S\CC\C00R00_MU90_SW,Live\B\S\R\C00R00_SW
102034506,Live\B\S\CC\C00R00_MU90_SW,Live\B\S\R\C00R00_SW
102034507,Live\B\S\CC\C00R00_MU90_SW,Live\B\S\R\C00R00_SW
102034510,Live\B\S\R\C00R00,Live\B\S\R\C00R00_SW
102034512,Live\B\S\R\C00R00,Live\B\S\R\C00R00_SW
102034513,Live\B\S\CC\C00R00_MU10,Live\B\S\R\C00R00_SW
102034514,Live\B\S\CC\C00R00_MU90_SW,Live\B\S\R\C00R00_SW
102034515,Live\B\S\R\C00R00,Live\B\S\R\C00R00_SW
102034517,Live\B\S\CC\C00R00_MU90_SW,Live\B\S\R\C00R00_SW
102034518,Live\B\S\CC\C00R00_MU90_SW,Live\B\S\R\C00R00_SW
102034508,Live\B\S\R\C00R00,Live\B\S\R\C00R00_SW
102034509,Live\B\S\CC\C00R00_MU30_SW,Live\B\S\R\C00R00_SW
102034519,Live\B\S\CC\C00R00_MU90_SW,Live\B\S\R\C00R00_SW
102034521,Live\B\S\CC\C00R00_MU90_SW,Live\B\S\R\C00R00_SW
102034522,Live\B\S\CC\C00R00_MU90_SW,Live\B\S\R\C00R00_SW
102034525,Live\B\S\CC\C00R00_MU90_SW,Live\B\S\R\C00R00_SW
102034526,Live\B\S\CC\C00R00_MU30,Live\B\S\R\C00R00_SW
102034527,Live\B\S\CC\C00R00_MU90,Live\B\S\R\C00R00_SW
102034529,Live\B\S\CC\C00R00_MU30_SW,Live\B\S\R\C00R00_SW
102034531,Live\B\S\CC\C00R00_MU90_SW,Live\B\S\R\C00R00_SW
102034534,Live\HT_R_LL_1,Live\B\S\R\C00R00_SW
102034532,Live\B\S\CC\C00R00_MU90_SW,Live\B\S\R\C00R00_SW
102034533,Live\HT_R_LL_1,Live\B\S\R\C00R00_SW
102034536,Live\B\S\CC\C00R00_MU90_SW,Live\B\S\R\C00R00_SW
102034538,Live\B\S\R\C00R00,Live\B\S\R\C00R00_SW
102034524,Live\B\S\R\C00R00,Live\B\S\R\C00R00_SW
102034539,Live\HT_R_LL_1,Live\B\S\R\C00R00_SW
102034540,Live\B\S\R\C00R00,Live\B\S\R\C00R00_SW
102034542,Live\B\S\CC\C00R00_MU90_SW,Live\B\S\R\C00R00_SW
102034546,Live\B\S\CC\C00R00_MU90,Live\B\S\R\C00R00_SW
102034548,Live\B\S\CC\C00R00_MU90_SW,Live\B\S\R\C00R00_SW
102034541,Live\B\S\R\C00R00,Live\B\S\R\C00R00_SW
102034547,Live\B\S\CC\C00R00_MU90_SW,Live\B\S\R\C00R00_SW
102034551,Live\B\S\CC\C00R00_MU90_SW,Live\B\S\R\C00R00_SW
102034552,Live\B\S\R\C00R00,Live\B\S\R\C00R00_SW
102034556,Live\B\S\CC\C00R00_MU90_SW,Live\B\S\R\C00R00_SW
102034549,Live\B\S\R\C00R00,Live\B\S\R\C00R00_SW
102034575,Live\B\S\CC\C00R00_MU90_SW,Live\B\S\R\C00R00_SW
102034576,Live\B\S\R\C00R00,Live\B\S\R\C00R00_SW
102034588,Live\B\S\CC\C00R00_MU90_SW,Live\B\S\R\C00R00_SW
102034589,Live\B\S\CC\C00R00_MU90_SW,Live\B\S\R\C00R00_SW
102034593,Live\HT_R_LL_1,Live\B\S\R\C00R00_SW
102034599,Live\B\S\CC\C00R00_MU90_SW,Live\B\S\R\C00R00_SW
102034574,Live\B\S\R\C00R00,Live\B\S\R\C00R00_SW
102034582,Live\HT_R_LL_1,Live\B\S\R\C00R00_SW
102034586,Live\B\S\R\C00R00,Live\B\S\R\C00R00_SW
102034581,Live\B\S\R\C00R00,Live\B\S\R\C00R00_SW
102034603,Live\B\S\CC\C00R00_MU90_SW,Live\B\S\R\C00R00_SW
102034615,Live\B\S\CC\C00R00_MU30_SW,Live\B\S\R\C00R00_SW
102034617,Live\B\S\CC\C00R00_MU90_SW,Live\B\S\R\C00R00_SW
102034618,Live\B\S\R\C00R00,Live\B\S\R\C00R00_SW
102034619,Live\A\E\IB\C12R00_XAU_NFLVG_SW,Live\B\S\R\C00R00_SW
102034620,Live\B\S\CC\C00R00_MU90_SW,Live\B\S\R\C00R00_SW
102034592,Live\B\S\CC\C00R00_MU90_SW,Live\B\S\R\C00R00_SW
102034621,Live\A\E\IB\C12R00_XAU_NFLVG_SW,Live\B\S\R\C00R00_SW
102034623,Live\B\S\R\C00R00,Live\B\S\R\C00R00_SW
102034624,Live\B\S\CC\C00R00_MU90_SW,Live\B\S\R\C00R00_SW
102034628,Live\B\S\CC\C00R00_MU90_SW,Live\B\S\R\C00R00_SW
102034629,Live\B\S\CC\C00R00_MU90_SW,Live\B\S\R\C00R00_SW
102034630,Live\HT_R_LL_1,Live\B\S\R\C00R00_SW
102034631,Live\B\S\CC\C00R00_MU30,Live\B\S\R\C00R00_SW
102034633,Live\B\S\CC\C00R00_MU90_SW,Live\B\S\R\C00R00_SW
102034634,Live\B\S\CC\C00R00_MU90_SW,Live\B\S\R\C00R00_SW
102034638,Live\A\E\IB\C12R00_XAU_NFLVG_SW,Live\B\S\R\C00R00_SW
102034641,Live\B\S\CC\C00R00_MU90_SW,Live\B\S\R\C00R00_SW
102034642,Live\B\S\CC\C00R00_MU90,Live\B\S\R\C00R00_SW
102034645,Live\B\S\CC\C00R00_MU90_SW,Live\B\S\R\C00R00_SW
102034651,Live\B\S\CC\C00R00_MU90_SW,Live\B\S\R\C00R00_SW
102034648,Live\B\S\CC\C00R00_MU90_SW,Live\B\S\R\C00R00_SW
102034650,Live\HT_R_LL_1,Live\B\S\R\C00R00_SW
102034653,Live\B\S\CC\C00R00_MU90_SW,Live\B\S\R\C00R00_SW
102034639,Live\A\E\IB\C12R00_XAU_NFLVG_SW,Live\B\S\R\C00R00_SW
102034657,Live\B\S\CC\C00R00_MU90_SW,Live\B\S\R\C00R00_SW
102034649,Live\B\S\CC\C00R00_MU90_SW,Live\B\S\R\C00R00_SW
102034656,Live\B\S\CC\C00R00_MU90_SW,Live\B\S\R\C00R00_SW
102034655,Live\B\S\CC\C00R00_MU90_SW,Live\B\S\R\C00R00_SW
102034658,Live\AGNT,Live\B\S\R\C00R00_SW
102034660,Live\B\S\CC\C00R00_MU90_SW,Live\B\S\R\C00R00_SW
102034665,Live\B\S\CC\C00R00_MU90_SW,Live\B\S\R\C00R00_SW
102034659,Live\B\S\CC\C00R00_MU90_SW,Live\B\S\R\C00R00_SW
102034662,Live\B\S\CC\C00R00_MU90_SW,Live\B\S\R\C00R00_SW
102034668,Live\HT_R_LL_1,Live\B\S\R\C00R00_SW
102034663,Live\B\S\CC\C00R00_MU90_SW,Live\B\S\R\C00R00_SW
102034667,Live\B\S\CC\C00R00_MU30_SW,Live\B\S\R\C00R00_SW
102034664,Live\B\S\CC\C00R00_MU90_SW,Live\B\S\R\C00R00_SW
102034666,Live\HT_R_LL_1,Live\B\S\R\C00R00_SW
102034669,Live\B\S\R\C00R00,Live\B\S\R\C00R00_SW
102034674,Live\B\S\CC\C00R00_SW,Live\B\S\R\C00R00_SW
102034678,Live\HT_R_LL_1,Live\B\S\R\C00R00_SW
102034671,Live\B\S\CC\C00R00_MU90,Live\B\S\R\C00R00_SW
102034670,Live\HT_R_LL_1,Live\B\S\R\C00R00_SW
102034675,Live\HT_R_LL_1,Live\B\S\R\C00R00_SW
102034672,Live\B\S\R\C00R00,Live\B\S\R\C00R00_SW
102034690,Live\B\S\CC\C00R00_MU90_SW,Live\B\S\R\C00R00_SW
102034692,Live\B\S\CC\C00R00_MU30,Live\B\S\R\C00R00_SW
102034693,Live\B\S\R\C00R00,Live\B\S\R\C00R00_SW
102034688,Live\B\S\CC\C00R00_MU90_SW,Live\B\S\R\C00R00_SW
102034686,Live\HT_R_LL_1,Live\B\S\R\C00R00_SW
102034681,Live\B\S\R\C00R00,Live\B\S\R\C00R00_SW
102034694,Live\B\S\CC\C00R00_MU90_SW,Live\B\S\R\C00R00_SW
102034695,Live\B\S\CC\C00R00_MU90_SW,Live\B\S\R\C00R00_SW
102034696,Live\B\S\CC\C00R00_MU30,Live\B\S\R\C00R00_SW
102034689,Live\B\S\CC\C00R00_MU30,Live\B\S\R\C00R00_SW
102034687,Live\B\S\R\C00R00,Live\B\S\R\C00R00_SW
102034697,Live\B\S\CC\C00R00_MU90_SW,Live\B\S\R\C00R00_SW
102034698,Live\B\S\CC\C00R00_MU90_SW,Live\B\S\R\C00R00_SW
102034699,Live\B\S\CC\C00R00_MU30_SW,Live\B\S\R\C00R00_SW
102034700,Live\B\S\CC\C00R00_MU90_SW,Live\B\S\R\C00R00_SW
102034701,Live\B\S\CC\C00R00_MU90_SW,Live\B\S\R\C00R00_SW
102034702,Live\B\S\CC\C00R00_MU90_SW,Live\B\S\R\C00R00_SW
102034703,Live\B\S\CC\C00R00_MU30_SW,Live\B\S\R\C00R00_SW
102034708,Live\B\S\CC\C00R00_MU90_SW,Live\B\S\R\C00R00_SW
102034713,Live\B\S\CC\C00R00_MU90_SW,Live\B\S\R\C00R00_SW
102034718,Live\B\S\CC\C00R00_MU90_SW,Live\B\S\R\C00R00_SW
102034719,Live\B\S\CC\C00R00_MU90_SW,Live\B\S\R\C00R00_SW
102034720,Live\B\S\R\C00R00,Live\B\S\R\C00R00_SW
102034706,Live\AGNT,Live\B\S\R\C00R00_SW
102034707,Live\B\S\CC\C00R00_MU90_SW,Live\B\S\R\C00R00_SW
102034722,Live\B\S\IB\-SLV-3-C00R00_MU5_SW,Live\B\S\R\C00R00_SW
102034721,Live\B\S\CC\C00R00_MU30_SW,Live\B\S\R\C00R00_SW
102034729,Live\B\S\CC\C00R00_MU90_SW,Live\B\S\R\C00R00_SW
102034709,Live\B\S\CC\C00R00_MU90_SW,Live\B\S\R\C00R00_SW
102034730,Live\B\S\CC\C00R00_MU30,Live\B\S\R\C00R00_SW
102034732,Live\B\S\CC\C00R00_MU90_SW,Live\B\S\R\C00R00_SW
102034728,Live\B\S\CC\C00R00_MU90_SW,Live\B\S\R\C00R00_SW
102034731,Live\B\S\CC\C00R00_MU90_SW,Live\B\S\R\C00R00_SW
102034733,Live\B\S\CC\C00R00_MU90_SW,Live\B\S\R\C00R00_SW
102034735,Live\B\S\R\C00R00,Live\B\S\R\C00R00_SW
102034738,Live\HT_R_LL_1,Live\B\S\R\C00R00_SW
102034734,Live\B\S\CC\C00R00_MU90_SW,Live\B\S\R\C00R00_SW
102034739,Live\B\S\CC\C00R00_MU90_SW,Live\B\S\R\C00R00_SW
102034743,Live\B\S\CC\C00R00_MU30,Live\B\S\R\C00R00_SW
102034744,Live\B\S\CC\C00R00_MU90_SW,Live\B\S\R\C00R00_SW
102034741,Live\B\S\CC\C00R00_MU90_SW,Live\B\S\R\C00R00_SW
102034742,Live\B\S\CC\C00R00_MU90_SW,Live\B\S\R\C00R00_SW
102034737,Live\B\S\CC\C00R00_MU90_SW,Live\B\S\R\C00R00_SW
102034745,Live\B\S\CC\C00R00_MU90,Live\B\S\R\C00R00_SW
102034746,Live\B\S\CC\C00R00_MU90,Live\B\S\R\C00R00_SW
102034748,Live\B\S\CC\C00R00_MU30_SW,Live\B\S\R\C00R00_SW
102034749,Live\B\S\CC\C00R00_MU90_SW,Live\B\S\R\C00R00_SW
102034750,Live\B\S\CC\C00R00_MU90_SW,Live\B\S\R\C00R00_SW
102034751,Live\HT_R_LL_1,Live\B\S\R\C00R00_SW
102034752,Live\B\S\IB\-SLV-2-C00R00_MU20_SW,Live\B\S\R\C00R00_SW
102034754,Live\B\S\R\C00R00,Live\B\S\R\C00R00_SW
102034755,Live\B\S\CC\C00R00_MU30_SW,Live\B\S\R\C00R00_SW
102034759,Live\B\S\CC\C00R00_MU30_SW,Live\B\S\R\C00R00_SW
102034760,Live\B\S\CC\C00R00_MU30_SW,Live\B\S\R\C00R00_SW
102034761,Live\B\S\CC\C00R00_MU90_SW,Live\B\S\R\C00R00_SW
102034764,Live\B\S\CC\C00R00_MU90_SW,Live\B\S\R\C00R00_SW
102034758,Live\B\S\CC\C00R00_MU90_SW,Live\B\S\R\C00R00_SW
102034776,Live\B\S\R\C00R00,Live\B\S\R\C00R00_SW
102034779,Live\B\S\CC\C00R00_MU90_SW,Live\B\S\R\C00R00_SW
102034757,Live\B\S\CC\C00R00_MU90_SW,Live\B\S\R\C00R00_SW
102034782,Live\B\S\CC\C00R00_MU90_SW,Live\B\S\R\C00R00_SW
102034774,Live\B\S\CC\C00R00_MU90_SW,Live\B\S\R\C00R00_SW
102034785,Live\B\S\CC\C00R00_MU90_SW,Live\B\S\R\C00R00_SW
102034787,Live\B\S\CC\C00R00_MU90_SW,Live\B\S\R\C00R00_SW
102034788,Live\HT_R_LL_1,Live\B\S\R\C00R00_SW
102034790,Live\HT_R_LL_1,Live\B\S\R\C00R00_SW
102034791,Live\HT_R_LL_1,Live\B\S\R\C00R00_SW
102034792,Live\B\S\CC\C00R00_MU90_SW,Live\B\S\R\C00R00_SW
102034794,Live\B\S\CC\C00R00_MU90_SW,Live\B\S\R\C00R00_SW
102034796,Live\B\S\CC\C00R00_MU90_SW,Live\B\S\R\C00R00_SW
102034801,Live\B\S\R\C00R00,Live\B\S\R\C00R00_SW
102034805,Live\B\S\CC\C00R00_MU90_SW,Live\B\S\R\C00R00_SW
102034807,Live\B\S\R\C00R00,Live\B\S\R\C00R00_SW
102034808,Live\B\S\CC\C00R00_MU90_SW,Live\B\S\R\C00R00_SW
102034809,Live\B\S\CC\C00R00_MU90_SW,Live\B\S\R\C00R00_SW
102034803,Live\HT_R_LL_1,Live\B\S\R\C00R00_SW
102034812,Live\B\S\CC\C00R00_MU90_SW,Live\B\S\R\C00R00_SW
102034802,Live\B\S\CC\C00R00_MU90_SW,Live\B\S\R\C00R00_SW
102034813,Live\B\S\CC\C00R00_MU90_SW,Live\B\S\R\C00R00_SW
102034814,Live\B\S\CC\C00R00_MU90_SW,Live\B\S\R\C00R00_SW
102034810,Live\B\S\CC\C00R00_MU30_SW,Live\B\S\R\C00R00_SW
102034815,Live\B\S\CC\C00R00_MU90_SW,Live\B\S\R\C00R00_SW
102034816,Live\B\S\CC\C00R00_MU90_SW,Live\B\S\R\C00R00_SW
102034817,Live\B\S\CC\C00R00_MU90_SW,Live\B\S\R\C00R00_SW
102034824,Live\A\E\IB\C12R00_XAU_NFLVG_SW,Live\B\S\R\C00R00_SW
102034819,Live\B\S\CC\C00R00_MU90_SW,Live\B\S\R\C00R00_SW
102034825,Live\A\E\IB\C12R00_XAU_NFLVG_SW,Live\B\S\R\C00R00_SW
102034821,Live\B\S\CC\C00R00_MU30_SW,Live\B\S\R\C00R00_SW
102034818,Live\B\S\CC\C00R00_MU90_SW,Live\B\S\R\C00R00_SW
102034826,Live\B\S\R\C00R00,Live\B\S\R\C00R00_SW
102034830,Live\B\S\CC\C00R00_MU90_SW,Live\B\S\R\C00R00_SW
102034831,Live\B\S\R\C00R00,Live\B\S\R\C00R00_SW
102034832,Live\B\S\CC\C00R00_MU90_SW,Live\B\S\R\C00R00_SW
102034833,Live\AGNT,Live\B\S\R\C00R00_SW
102034835,Live\B\S\CC\C00R00_MU90_SW,Live\B\S\R\C00R00_SW
102034837,Live\B\S\CC\C00R00_MU90_SW,Live\B\S\R\C00R00_SW
102034838,Live\B\S\CC\C00R00_MU90_SW,Live\B\S\R\C00R00_SW
102034840,Live\B\S\CC\C00R00_MU90_SW,Live\B\S\R\C00R00_SW
102034827,Live\B\S\CC\C00R00_MU90_SW,Live\B\S\R\C00R00_SW
102034842,Live\B\S\CC\C00R00_MU90_SW,Live\B\S\R\C00R00_SW
102034846,Live\B\S\CC\C00R00_MU90_SW,Live\B\S\R\C00R00_SW
102034847,Live\B\S\CC\C00R00_MU90_SW,Live\B\S\R\C00R00_SW
102034848,Live\B\S\R\C00R00,Live\B\S\R\C00R00_SW
102034839,Live\HT_R_LL_1,Live\B\S\R\C00R00_SW
102034849,Live\B\S\R\C00R00,Live\B\S\R\C00R00_SW
102034850,Live\B\S\CC\C00R00_MU90_SW,Live\B\S\R\C00R00_SW
102034851,Live\B\S\CC\C00R00_MU90_SW,Live\B\S\R\C00R00_SW
102034852,Live\B\S\R\C00R00,Live\B\S\R\C00R00_SW
102034853,Live\B\S\CC\C00R00_MU90_SW,Live\B\S\R\C00R00_SW
102034854,Live\B\S\R\C00R00,Live\B\S\R\C00R00_SW
102034843,Live\B\S\CC\C00R00_MU90_SW,Live\B\S\R\C00R00_SW
102034855,Live\B\S\CC\C00R00_MU90_SW,Live\B\S\R\C00R00_SW
102034856,Live\B\S\CC\C00R00_MU90_SW,Live\B\S\R\C00R00_SW
102034859,Live\B\S\CC\C00R00_MU90_SW,Live\B\S\R\C00R00_SW
102034861,Live\B\S\CC\C00R00_MU90_SW,Live\B\S\R\C00R00_SW
102034862,Live\B\S\CC\C00R00_MU90_SW,Live\B\S\R\C00R00_SW
102034863,Live\B\S\CC\C00R00_MU90_SW,Live\B\S\R\C00R00_SW
102034864,Live\B\S\CC\C00R00_MU90_SW,Live\B\S\R\C00R00_SW
102034858,Live\B\S\CC\C00R00_MU90_SW,Live\B\S\R\C00R00_SW
102034865,Live\B\S\CC\C00R00_MU30,Live\B\S\R\C00R00_SW
102034867,Live\B\S\CC\C00R00_MU30_SW,Live\B\S\R\C00R00_SW
102034866,Live\B\S\CC\C00R00_MU90_SW,Live\B\S\R\C00R00_SW
102034868,Live\HT_R_LL_1,Live\B\S\R\C00R00_SW
102034869,Live\B\S\CC\C00R00_MU90_SW,Live\B\S\R\C00R00_SW
102034870,Live\B\S\CC\C00R00_MU90_SW,Live\B\S\R\C00R00_SW
102034871,Live\B\S\CC\C00R00_MU90_SW,Live\B\S\R\C00R00_SW
102034872,Live\B\S\CC\C00R00_MU90_SW,Live\B\S\R\C00R00_SW
102034878,Live\B\S\CC\C00R00_MU90_SW,Live\B\S\R\C00R00_SW
102034879,Live\B\S\CC\C00R00_MU90_SW,Live\B\S\R\C00R00_SW
102034883,Live\B\S\CC\C00R00_MU90_SW,Live\B\S\R\C00R00_SW
102034882,Live\B\S\CC\C00R00_MU30_SW,Live\B\S\R\C00R00_SW
102034873,Live\B\S\CC\C00R00_MU90_SW,Live\B\S\R\C00R00_SW
102034877,Live\B\S\R\C00R00,Live\B\S\R\C00R00_SW
102034884,Live\B\S\CC\C00R00_MU90_SW,Live\B\S\R\C00R00_SW
102034885,Live\B\S\CC\C00R00_MU90_SW,Live\B\S\R\C00R00_SW
102034887,Live\B\S\CC\C00R00_MU90_SW,Live\B\S\R\C00R00_SW
102034888,Live\B\S\CC\C00R00_MU90_SW,Live\B\S\R\C00R00_SW
102034889,Live\B\S\CC\C00R00_MU90_SW,Live\B\S\R\C00R00_SW
102034890,Live\B\S\R\C00R00,Live\B\S\R\C00R00_SW
102034895,Live\B\S\CC\C00R00_MU90_SW,Live\B\S\R\C00R00_SW
102034896,Live\B\S\CC\C00R00_MU30_SW,Live\B\S\R\C00R00_SW
102034898,Live\B\S\CC\C00R00_MU90_SW,Live\B\S\R\C00R00_SW
102034900,Live\B\S\CC\C00R00_MU90_SW,Live\B\S\R\C00R00_SW
102034891,Live\B\S\R\C00R00,Live\B\S\R\C00R00_SW
102034899,Live\B\S\CC\C00R00_MU90_SW,Live\B\S\R\C00R00_SW
102034893,Live\B\S\CC\C00R00_MU90_SW,Live\B\S\R\C00R00_SW
102034894,Live\B\S\CC\C00R00_MU90_SW,Live\B\S\R\C00R00_SW
102034903,Live\B\S\CC\C00R00_MU90_SW,Live\B\S\R\C00R00_SW
102034904,Live\B\S\CC\C00R00_MU30_SW,Live\B\S\R\C00R00_SW
102034907,Live\B\S\R\C00R00,Live\B\S\R\C00R00_SW
102034910,Live\HT_R_LL_1,Live\B\S\R\C00R00_SW
102034901,Live\B\S\CC\C00R00_MU90_SW,Live\B\S\R\C00R00_SW
102034911,Live\B\S\CC\C00R00_MU90_SW,Live\B\S\R\C00R00_SW
102034912,Live\B\S\CC\C00R00_MU90_SW,Live\B\S\R\C00R00_SW
102034902,Live\B\S\CC\C00R00_MU90_SW,Live\B\S\R\C00R00_SW
102034917,Live\B\S\CC\C00R00_MU90_SW,Live\B\S\R\C00R00_SW
102034923,Live\B\S\CC\C00R00_MU90_SW,Live\B\S\R\C00R00_SW
102034924,Live\B\S\CC\C00R00_MU90_SW,Live\B\S\R\C00R00_SW
102034925,Live\B\S\CC\C00R00_MU30_CRPT,Live\B\S\R\C00R00_SW
102034908,Live\B\S\CC\C00R00_MU90_SW,Live\B\S\R\C00R00_SW
102034916,Live\B\S\CC\C00R00_MU90_SW,Live\B\S\R\C00R00_SW
102034914,Live\B\S\CC\C00R00_MU90_SW,Live\B\S\R\C00R00_SW
102034930,Live\B\S\CC\C00R00_MU30_CRPT,Live\B\S\R\C00R00_SW
102034931,Live\B\S\R\C00R00,Live\B\S\R\C00R00_SW
102034932,Live\A\E\IB\C12R00_XAU_NFLVG_SW,Live\B\S\R\C00R00_SW
102034933,Live\A\E\IB\C12R00_XAU_NFLVG_SW,Live\B\S\R\C00R00_SW
102034934,Live\A\E\IB\C12R00_XAU_NFLVG_SW,Live\B\S\R\C00R00_SW
102034935,Live\A\E\IB\C12R00_XAU_NFLVG_SW,Live\B\S\R\C00R00_SW
102034936,Live\A\E\IB\C12R00_XAU_NFLVG_SW,Live\B\S\R\C00R00_SW
102034939,Live\A\E\IB\C12R00_XAU_NFLVG_SW,Live\B\S\R\C00R00_SW
102034941,Live\B\S\R\C00R00,Live\B\S\R\C00R00_SW
102034946,Live\HT_R_LL_1,Live\B\S\R\C00R00_SW
102034947,Live\B\S\CC\C00R00_MU90_SW,Live\B\S\R\C00R00_SW
102034938,Live\A\E\IB\C12R00_XAU_NFLVG_SW,Live\B\S\R\C00R00_SW
102034937,Live\A\E\IB\C12R00_XAU_NFLVG_SW,Live\B\S\R\C00R00_SW
102034948,Live\B\S\R\C00R00,Live\B\S\R\C00R00_SW
102034949,Live\B\S\R\C00R00,Live\B\S\R\C00R00_SW
102034951,Live\B\S\CC\C00R00_MU30_SW,Live\B\S\R\C00R00_SW
102034952,Live\B\S\CC\C00R00_MU30,Live\B\S\R\C00R00_SW
102034953,Live\B\S\CC\C00R00_MU90_SW,Live\B\S\R\C00R00_SW
102034954,Live\HT_R_LL_1,Live\B\S\R\C00R00_SW
102034956,Live\B\S\CC\C00R00_MU90_SW,Live\B\S\R\C00R00_SW
102034957,Live\B\S\IB\-SLV-3-C00R00_MU5_SW,Live\B\S\R\C00R00_SW
102034958,Live\HT_R_LL_1,Live\B\S\R\C00R00_SW
102034961,Live\B\S\CC\C00R00_MU90_SW,Live\B\S\R\C00R00_SW
102034962,Live\B\S\CC\C00R00_MU90_SW,Live\B\S\R\C00R00_SW
102034963,Live\B\S\R\C00R00,Live\B\S\R\C00R00_SW
102034966,Live\B\S\CC\C00R00_MU90_SW,Live\B\S\R\C00R00_SW
102034969,Live\B\S\CC\C00R00_MU90_SW,Live\B\S\R\C00R00_SW
102034971,Live\B\S\CC\C00R00_MU90_SW,Live\B\S\R\C00R00_SW
102034973,Live\HT_R_LL_1,Live\B\S\R\C00R00_SW
102034975,Live\B\S\CC\C00R00_MU90_SW,Live\B\S\R\C00R00_SW
102034976,Live\B\S\R\C00R00,Live\B\S\R\C00R00_SW
102034980,Live\B\S\CC\C00R00_MU30_SW,Live\B\S\R\C00R00_SW
102034981,Live\B\S\CC\C00R00_MU90_SW,Live\B\S\R\C00R00_SW
102034978,Live\B\S\R\C00R00,Live\B\S\R\C00R00_SW
102034979,Live\B\S\CC\C00R00_MU90_SW,Live\B\S\R\C00R00_SW
102034982,Live\B\S\CC\C00R00_MU90_SW,Live\B\S\R\C00R00_SW
102034984,Live\B\S\CC\C00R00_MU90_SW,Live\B\S\R\C00R00_SW
102034985,Live\B\S\CC\C00R00_MU30_SW,Live\B\S\R\C00R00_SW
102034983,Live\B\S\CC\C00R00_MU30_SW,Live\B\S\R\C00R00_SW
102034977,Live\B\S\CC\C00R00_MU90,Live\B\S\R\C00R00_SW
102034987,Live\B\S\IB\C00R00_MU5_SW,Live\B\S\R\C00R00_SW
102034988,Live\B\S\CC\C00R00_MU90_SW,Live\B\S\R\C00R00_SW
102034989,Live\B\S\CC\C00R00_MU90_SW,Live\B\S\R\C00R00_SW
102034990,Live\HT_R_LL_1,Live\B\S\R\C00R00_SW
102034992,Live\B\S\CC\C00R00_MU90_SW,Live\B\S\R\C00R00_SW
102034986,Live\B\S\CC\C00R00_MU90_SW,Live\B\S\R\C00R00_SW
102034993,Live\B\S\CC\C00R00_MU90_SW,Live\B\S\R\C00R00_SW
102034994,Live\B\S\CC\C00R00_MU30_SW,Live\B\S\R\C00R00_SW
102034995,Live\B\S\CC\C00R00_MU90_SW,Live\B\S\R\C00R00_SW
102034998,Live\B\S\CC\C00R00_MU90_SW,Live\B\S\R\C00R00_SW
102035005,Live\B\S\R\C00R00,Live\B\S\R\C00R00_SW
102035015,Live\AGNT,Live\B\S\R\C00R00_SW
102034997,Live\B\S\CC\C00R00_MU90_SW,Live\B\S\R\C00R00_SW
102035020,Live\B\S\CC\C00R00_MU90_SW,Live\B\S\R\C00R00_SW
102035021,Live\B\S\R\C00R00,Live\B\S\R\C00R00_SW
102035017,Live\B\S\R\C00R00,Live\B\S\R\C00R00_SW
102035016,Live\HT_R_LL_1,Live\B\S\R\C00R00_SW
102035018,Live\HT_R_LL_1,Live\B\S\R\C00R00_SW
102035025,Live\B\S\CC\C00R00_MU90_SW,Live\B\S\R\C00R00_SW
102035026,Live\B\S\CC\C00R00_MU30_SW,Live\B\S\R\C00R00_SW
102035027,Live\B\S\CC\C00R00_MU30,Live\B\S\R\C00R00_SW
102035030,Live\AGNT,Live\B\S\R\C00R00_SW
102035023,Live\B\S\CC\C00R00_MU30_SW,Live\B\S\R\C00R00_SW
102035033,Live\A\E\IB\C12R00_XAU_SW,Live\B\S\R\C00R00_SW
102035034,Live\A\E\IB\C12R00_XAU_NFLVG_SW,Live\B\S\R\C00R00_SW
102035037,Live\B\S\CC\C00R00_MU90_SW,Live\B\S\R\C00R00_SW
102035040,Live\B\S\CC\C00R00_MU90_SW,Live\B\S\R\C00R00_SW
102035042,Live\B\S\CC\C00R00_MU90_SW,Live\B\S\R\C00R00_SW
102035043,Live\B\S\CC\C00R00_MU90_SW,Live\B\S\R\C00R00_SW
102035044,Live\A\E\IB\C12R00_XAU_NFLVG_SW,Live\B\S\R\C00R00_SW
102035045,Live\A\E\IB\C12R00_XAU_NFLVG_SW,Live\B\S\R\C00R00_SW
102035046,Live\A\E\IB\C12R00_XAU_NFLVG_SW,Live\B\S\R\C00R00_SW
102035047,Live\A\E\IB\C12R00_XAU_NFLVG_SW,Live\B\S\R\C00R00_SW
102035048,Live\A\E\IB\C12R00_XAU_NFLVG_SW,Live\B\S\R\C00R00_SW
102035053,Live\A\E\IB\C12R00_XAU_NFLVG_SW,Live\B\S\R\C00R00_SW
102035049,Live\B\S\CC\C00R00_MU90_SW,Live\B\S\R\C00R00_SW
102035051,Live\A\E\IB\C12R00_XAU_NFLVG_SW,Live\B\S\R\C00R00_SW
102035050,Live\A\E\IB\C12R00_XAU_NFLVG_SW,Live\B\S\R\C00R00_SW
102035052,Live\A\E\IB\C12R00_XAU_NFLVG_SW,Live\B\S\R\C00R00_SW
102035055,Live\A\E\IB\C12R00_XAU_SW,Live\B\S\R\C00R00_SW
102035054,Live\A\E\IB\C12R00_XAU_SW,Live\B\S\R\C00R00_SW
102035059,Live\B\S\CC\C00R00_MU30_SW,Live\B\S\R\C00R00_SW
102035060,Live\B\S\CC\C00R00_MU90_SW,Live\B\S\R\C00R00_SW
102035061,Live\B\S\CC\C00R00_MU90_SW,Live\B\S\R\C00R00_SW
102035056,Live\A\E\IB\C12R00_XAU_SW,Live\B\S\R\C00R00_SW
102035058,Live\B\S\CC\C00R00_MU90_SW,Live\B\S\R\C00R00_SW
102035057,Live\A\E\IB\C12R00_XAU_SW,Live\B\S\R\C00R00_SW
102035062,Live\B\S\R\C00R00,Live\B\S\R\C00R00_SW
102035068,Live\B\S\CC\C00R00_MU90_SW,Live\B\S\R\C00R00_SW
102035071,Live\B\S\CC\C00R00_MU90,Live\B\S\R\C00R00_SW
102035072,Live\B\S\CC\C00R00_MU90,Live\B\S\R\C00R00_SW
102035073,Live\HT_R_LL_1,Live\B\S\R\C00R00_SW
102035063,Live\B\S\CC\C00R00_MU90_SW,Live\B\S\R\C00R00_SW
102035064,Live\HT_R_LL_1,Live\B\S\R\C00R00_SW
102035066,Live\B\S\CC\C00R00_MU90_SW,Live\B\S\R\C00R00_SW
102035076,Live\B\S\R\C00R00,Live\B\S\R\C00R00_SW
102035074,Live\B\S\CC\C00R00_MU90_SW,Live\B\S\R\C00R00_SW
102035075,Live\B\S\CC\C00R00_MU30_SW,Live\B\S\R\C00R00_SW
102035079,Live\B\S\CC\C00R00_MU90_SW,Live\B\S\R\C00R00_SW
102035080,Live\B\S\R\C00R00,Live\B\S\R\C00R00_SW
102035081,Live\HT_R_LL_1,Live\B\S\R\C00R00_SW
102035077,Live\B\S\CC\C00R00_MU30_SW,Live\B\S\R\C00R00_SW
102035082,Live\B\S\CC\C00R00_MU90_SW,Live\B\S\R\C00R00_SW
102035078,Live\B\S\CC\C00R00_MU90_SW,Live\B\S\R\C00R00_SW
102035084,Live\B\S\CC\C00R00_MU90_SW,Live\B\S\R\C00R00_SW
102035085,Live\B\S\CC\C00R00_MU90_SW,Live\B\S\R\C00R00_SW
102035083,Live\B\S\R\C00R00,Live\B\S\R\C00R00_SW
102035087,Live\HT_R_LL_1,Live\B\S\R\C00R00_SW
102035088,Live\AGNT,Live\B\S\R\C00R00_SW
102035089,Live\B\S\R\C00R00,Live\B\S\R\C00R00_SW
102035092,Live\HT_R_LL_1,Live\B\S\R\C00R00_SW
102035093,Live\B\S\CC\C00R00_MU90_SW,Live\B\S\R\C00R00_SW
102035086,Live\B\S\CC\C00R00_MU90_SW,Live\B\S\R\C00R00_SW
102035094,Live\B\S\CC\C00R00_MU90_SW,Live\B\S\R\C00R00_SW
102035095,Live\B\S\CC\C00R00_MU30,Live\B\S\R\C00R00_SW
102035096,Live\HT_R_LL_1,Live\B\S\R\C00R00_SW
102035090,Live\HT_R_LL_1,Live\B\S\R\C00R00_SW
102035091,Live\B\S\R\C00R00,Live\B\S\R\C00R00_SW
102035097,Live\B\S\CC\C00R00_MU30,Live\B\S\R\C00R00_SW
102035098,Live\B\S\CC\C00R00_MU90_SW,Live\B\S\R\C00R00_SW
102035099,Live\B\S\CC\C00R00_MU30_SW,Live\B\S\R\C00R00_SW
102035100,Live\HT_R_LL_1,Live\B\S\R\C00R00_SW
102035101,Live\B\S\CC\C00R00_MU90_SW,Live\B\S\R\C00R00_SW
102035107,Live\B\P\R\C00R00_SW,Live\B\S\R\C00R00_SW
102035108,Live\B\S\CC\C00R00,Live\B\S\R\C00R00_SW
102035103,Live\B\S\CC\C00R00_MU90_SW,Live\B\S\R\C00R00_SW
102035104,Live\B\S\CC\C00R00_MU90_SW,Live\B\S\R\C00R00_SW
102035105,Live\B\S\CC\C00R00_MU90_SW,Live\B\S\R\C00R00_SW
102035111,Live\B\S\CC\C00R00_MU90_SW,Live\B\S\R\C00R00_SW
102035115,Live\B\S\CC\C00R00_MU90_SW,Live\B\S\R\C00R00_SW
102035112,Live\B\S\CC\C00R00_MU90_SW,Live\B\S\R\C00R00_SW
102035109,Live\B\S\CC\C00R00_MU90_SW,Live\B\S\R\C00R00_SW
102035113,Live\B\S\CC\C00R00_MU90_SW,Live\B\S\R\C00R00_SW
102035117,Live\B\S\CC\C00R00_MU90_SW,Live\B\S\R\C00R00_SW
102035118,Live\B\S\CC\C00R00_MU90_SW,Live\B\S\R\C00R00_SW
102035119,Live\B\S\CC\C00R00_MU90_SW,Live\B\S\R\C00R00_SW
102035120,Live\B\S\CC\C00R00_MU90_SW,Live\B\S\R\C00R00_SW
102035116,Live\B\S\R\C00R00,Live\B\S\R\C00R00_SW
102035114,Live\B\S\CC\C00R00_MU90_SW,Live\B\S\R\C00R00_SW
102035122,Live\B\S\CC\C00R00_MU90_SW,Live\B\S\R\C00R00_SW
102035124,Live\B\S\CC\C00R00_MU90_SW,Live\B\S\R\C00R00_SW
102035125,Live\B\S\CC\C00R00_MU90_SW,Live\B\S\R\C00R00_SW
102035126,Live\B\S\CC\C00R00_MU90_SW,Live\B\S\R\C00R00_SW
102035127,Live\B\S\CC\C00R00_MU90_SW,Live\B\S\R\C00R00_SW
102035128,Live\B\S\CC\C00R00_MU90,Live\B\S\R\C00R00_SW
102035129,Live\B\S\CC\C00R00_MU90_SW,Live\B\S\R\C00R00_SW
102035131,Live\B\S\CC\C00R00_MU90_SW,Live\B\S\R\C00R00_SW
102035139,Live\B\S\CC\C00R00_MU30,Live\B\S\R\C00R00_SW
102035141,Live\B\S\CC\C00R00_MU90_SW,Live\B\S\R\C00R00_SW
102035143,Live\B\S\IB\C00R00_MU10_SW,Live\B\S\R\C00R00_SW
102035147,Live\B\S\CC\C00R00_MU90_SW,Live\B\S\R\C00R00_SW
102035121,Live\B\S\CC\C00R00_MU90_SW,Live\B\S\R\C00R00_SW
102035149,Live\B\S\R\C00R00,Live\B\S\R\C00R00_SW
102035150,Live\B\S\CC\C00R00_MU90_SW,Live\B\S\R\C00R00_SW
102035151,Live\B\S\CC\C00R00_MU90_SW,Live\B\S\R\C00R00_SW
102035152,Live\B\S\CC\C00R00_MU90_SW,Live\B\S\R\C00R00_SW
102035153,Live\B\S\CC\C00R00_MU90_SW,Live\B\S\R\C00R00_SW
102035148,Live\B\S\CC\C00R00_MU90_SW,Live\B\S\R\C00R00_SW
102035155,Live\B\S\CC\C00R00_MU90_SW,Live\B\S\R\C00R00_SW
102035156,Live\B\S\CC\C00R00_MU90_SW,Live\B\S\R\C00R00_SW
102035158,Live\B\S\CC\C00R00_MU90_SW,Live\B\S\R\C00R00_SW
102035159,Live\B\S\CC\C00R00_MU90_SW,Live\B\S\R\C00R00_SW
102035160,Live\B\S\R\C00R00,Live\B\S\R\C00R00_SW
102035161,Live\AGNT,Live\B\S\R\C00R00_SW
102035162,Live\B\S\CC\C00R00_MU90_SW,Live\B\S\R\C00R00_SW
102035163,Live\B\S\CC\C00R00_MU90_SW,Live\B\S\R\C00R00_SW
102035164,Live\B\S\CC\C00R00_MU90_SW,Live\B\S\R\C00R00_SW
102035166,Live\B\S\R\C00R00,Live\B\S\R\C00R00_SW
102035167,Live\B\S\CC\C00R00_MU30_SW,Live\B\S\R\C00R00_SW
102035165,Live\B\P\R\C00R00,Live\B\S\R\C00R00_SW
102035168,Live\B\S\CC\C00R00_MU90_SW,Live\B\S\R\C00R00_SW
102035169,Live\B\S\CC\C00R00_MU90_SW,Live\B\S\R\C00R00_SW
102035171,Live\B\S\CC\C00R00_MU90_SW,Live\B\S\R\C00R00_SW
102035176,Live\B\S\CC\C00R00_MU90,Live\B\S\R\C00R00_SW
102035177,Live\HT_R_LL_1,Live\B\S\R\C00R00_SW
102035179,Live\B\S\CC\C00R00_MU90_SW,Live\B\S\R\C00R00_SW
102035178,Live\B\S\CC\C00R00_MU90,Live\B\S\R\C00R00_SW
102035181,Live\B\S\CC\C00R00_MU30_SW,Live\B\S\R\C00R00_SW
102035183,Live\B\S\CC\C00R00_MU90_SW,Live\B\S\R\C00R00_SW
102035184,Live\B\S\CC\C00R00_MU30,Live\B\S\R\C00R00_SW
102035185,Live\B\S\R\C00R00,Live\B\S\R\C00R00_SW
102035186,Live\B\S\CC\C00R00_MU90_SW,Live\B\S\R\C00R00_SW
102035187,Live\B\S\CC\C00R00_MU90_SW,Live\B\S\R\C00R00_SW
102035188,Live\HT_R_LL_1,Live\B\S\R\C00R00_SW
102035180,Live\B\P\R\C00R00,Live\B\S\R\C00R00_SW
102035189,Live\B\S\CC\C00R00_MU90_SW,Live\B\S\R\C00R00_SW
102035182,Live\B\S\CC\C00R00_MU90_SW,Live\B\S\R\C00R00_SW
102035192,Live\B\S\CC\C00R00_MU90_SW,Live\B\S\R\C00R00_SW
102035191,Live\B\S\IB\C00R00,Live\B\S\R\C00R00_SW
102035197,Live\B\S\CC\C00R00_MU90_SW,Live\B\S\R\C00R00_SW
102035199,Live\B\S\IB\C00R00,Live\B\S\R\C00R00_SW
102035198,Live\B\S\CC\C00R00_MU90_SW,Live\B\S\R\C00R00_SW
102035193,Live\B\S\CC\C00R00_MU90_SW,Live\B\S\R\C00R00_SW
102035196,Live\B\S\CC\C00R00_MU90_SW,Live\B\S\R\C00R00_SW
102035190,Live\B\S\CC\C00R00_MU90_SW,Live\B\S\R\C00R00_SW
102035201,Live\HT_R_LL_1,Live\B\S\R\C00R00_SW
102035200,Live\B\S\R\C00R00,Live\B\S\R\C00R00_SW
102035207,Live\B\S\CC\C00R00_MU90_SW,Live\B\S\R\C00R00_SW
102035194,Live\B\S\CC\C00R00_MU90_SW,Live\B\S\R\C00R00_SW
102035210,Live\B\S\CC\C00R00_MU90_SW,Live\B\S\R\C00R00_SW
102035211,Live\B\S\R\C00R00,Live\B\S\R\C00R00_SW
102035212,Live\B\S\CC\C00R00_MU90_SW,Live\B\S\R\C00R00_SW
102035213,Live\B\S\CC\C00R00_MU90_SW,Live\B\S\R\C00R00_SW
102035216,Live\B\S\CC\C00R00_MU90_SW,Live\B\S\R\C00R00_SW
102035203,Live\B\S\CC\C00R00_MU90_SW,Live\B\S\R\C00R00_SW
102035217,Live\B\S\CC\C00R00_MU30_SW,Live\B\S\R\C00R00_SW
102035218,Live\B\S\CC\C00R00_MU30_SW,Live\B\S\R\C00R00_SW
102035219,Live\HT_R_LL_1,Live\B\S\R\C00R00_SW
102035209,Live\B\S\CC\C00R00_MU90_SW,Live\B\S\R\C00R00_SW
102035220,Live\B\S\CC\C00R00_MU90_SW,Live\B\S\R\C00R00_SW
102035221,Live\B\S\CC\C00R00_MU90_SW,Live\B\S\R\C00R00_SW
102035223,Live\B\S\CC\C00R00_MU90_SW,Live\B\S\R\C00R00_SW
102035224,Live\B\S\CC\C00R00_MU30_SW,Live\B\S\R\C00R00_SW
102035225,Live\B\S\CC\C00R00_MU90_SW,Live\B\S\R\C00R00_SW
102035226,Live\B\S\CC\C00R00_MU90_SW,Live\B\S\R\C00R00_SW
102035227,Live\B\S\CC\C00R00_MU90_SW,Live\B\S\R\C00R00_SW
102035229,Live\B\S\CC\C00R00_MU90_SW,Live\B\S\R\C00R00_SW
102035232,Live\B\S\CC\C00R00_MU90_SW,Live\B\S\R\C00R00_SW
102035230,Live\AGNT,Live\B\S\R\C00R00_SW
102035231,Live\AGNT,Live\B\S\R\C00R00_SW
102035233,Live\B\S\CC\C00R00_MU90_SW,Live\B\S\R\C00R00_SW
102035234,Live\B\S\CC\C00R00_MU30_SW,Live\B\S\R\C00R00_SW
102035236,Live\B\S\CC\C00R00_MU90_SW,Live\B\S\R\C00R00_SW
102035235,Live\B\S\CC\C00R00_MU90_SW,Live\B\S\R\C00R00_SW
102035240,Live\HT_R_LL_1,Live\B\S\R\C00R00_SW
102035239,Live\B\S\CC\C00R00_MU90_SW,Live\B\S\R\C00R00_SW
102035243,Live\HT_R_LL_1,Live\B\S\R\C00R00_SW
102035245,Live\B\S\CC\C00R00_MU90_SW,Live\B\S\R\C00R00_SW
102035246,Live\B\S\CC\C00R00_MU90_SW,Live\B\S\R\C00R00_SW
102035237,Live\B\S\CC\C00R00_MU90_SW,Live\B\S\R\C00R00_SW
102035247,Live\B\S\CC\C00R00_MU90_SW,Live\B\S\R\C00R00_SW
102035242,Live\B\S\CC\C00R00_MU90_SW,Live\B\S\R\C00R00_SW
102035238,Live\AGNT,Live\B\S\R\C00R00_SW
102035248,Live\B\S\CC\C00R00_MU90_SW,Live\B\S\R\C00R00_SW
102035250,Live\B\S\CC\C00R00_MU90_SW,Live\B\S\R\C00R00_SW
102035252,Live\B\S\CC\C00R00_MU30,Live\B\S\R\C00R00_SW
102035251,Live\B\S\R\C00R00,Live\B\S\R\C00R00_SW
102035249,Live\B\S\CC\C00R00_MU90_SW,Live\B\S\R\C00R00_SW
102035259,Live\B\S\CC\C00R00_MU90_SW,Live\B\S\R\C00R00_SW
102035253,Live\B\S\CC\C00R00_MU90_SW,Live\B\S\R\C00R00_SW
102035241,Live\B\S\IB\C00R00,Live\B\S\R\C00R00_SW
102035261,Live\B\S\CC\C00R00_MU90_SW,Live\B\S\R\C00R00_SW
102035265,Live\B\S\R\C00R00,Live\B\S\R\C00R00_SW
102035267,Live\B\S\CC\C00R00_MU90_SW,Live\B\S\R\C00R00_SW
102035264,Live\B\S\CC\C00R00_MU90_SW,Live\B\S\R\C00R00_SW
102035255,Live\B\S\CC\C00R00_MU90_SW,Live\B\S\R\C00R00_SW
102035260,Live\B\S\CC\C00R00_MU90_SW,Live\B\S\R\C00R00_SW
102035270,Live\B\S\CC\C00R00_MU90_SW,Live\B\S\R\C00R00_SW
102035271,Live\HT_R_LL_1,Live\B\S\R\C00R00_SW
102035254,Live\SVG-USD-B-100,Live\B\S\R\C00R00_SW
102035273,Live\B\S\R\C00R00,Live\B\S\R\C00R00_SW
102035274,Live\B\S\CC\C00R00,Live\B\S\R\C00R00_SW
102035275,Live\B\S\CC\C00R00_MU90,Live\B\S\R\C00R00_SW
102035269,Live\B\S\CC\C00R00_MU90_SW,Live\B\S\R\C00R00_SW
102035276,Live\B\S\CC\C00R00_MU90_SW,Live\B\S\R\C00R00_SW
102035277,Live\B\S\CC\C00R00_MU90,Live\B\S\R\C00R00_SW
102035278,Live\B\S\CC\C00R00_MU90_SW,Live\B\S\R\C00R00_SW
102035279,Live\B\S\CC\C00R00_MU30,Live\B\S\R\C00R00_SW
102035272,Live\HT_R_LL_1,Live\B\S\R\C00R00_SW
102035282,Live\HT_R_LL_1,Live\B\S\R\C00R00_SW
102035283,Live\B\S\R\C00R00,Live\B\S\R\C00R00_SW
102035285,Live\B\S\CC\C00R00_MU90,Live\B\S\R\C00R00_SW
102035286,Live\B\S\CC\C00R00_MU90_SW,Live\B\S\R\C00R00_SW
102035288,Live\B\S\CC\C00R00_MU90_SW,Live\B\S\R\C00R00_SW
102035290,Live\B\S\CC\C00R00_MU90,Live\B\S\R\C00R00_SW
102035280,Live\B\S\CC\C00R00_MU90_SW,Live\B\S\R\C00R00_SW
102035287,Live\B\S\CC\C00R00_MU90,Live\B\S\R\C00R00_SW
102035292,Live\B\S\CC\C00R00_MU90_SW,Live\B\S\R\C00R00_SW
102035293,Live\B\S\CC\C00R00_MU90_SW,Live\B\S\R\C00R00_SW
102035291,Live\B\S\CC\C00R00_MU90_SW,Live\B\S\R\C00R00_SW
102035294,Live\B\S\CC\C00R00_MU30_SW,Live\B\S\R\C00R00_SW
102035295,Live\B\S\R\C00R00,Live\B\S\R\C00R00_SW
102035296,Live\B\S\CC\C00R00_MU90_SW,Live\B\S\R\C00R00_SW
102035297,Live\HT_R_LL_1,Live\B\S\R\C00R00_SW
102035298,Live\B\S\R\C00R00,Live\B\S\R\C00R00_SW
102035300,Live\B\S\CC\C00R00_MU90_SW,Live\B\S\R\C00R00_SW
102035299,Live\B\S\CC\C00R00_MU90_SW,Live\B\S\R\C00R00_SW
102035303,Live\B\S\R\C00R00,Live\B\S\R\C00R00_SW
102035304,Live\HT_R_LL_1,Live\B\S\R\C00R00_SW
102035305,Live\B\S\CC\C00R00_MU90_SW,Live\B\S\R\C00R00_SW
102035306,Live\B\S\CC\C00R00_MU90_SW,Live\B\S\R\C00R00_SW
102035307,Live\B\S\CC\C00R00_MU90_SW,Live\B\S\R\C00R00_SW
102035308,Live\B\S\CC\C00R00_MU90_SW,Live\B\S\R\C00R00_SW
102035309,Live\B\S\R\C00R00,Live\B\S\R\C00R00_SW
102035301,Live\B\S\CC\C00R00_MU90_SW,Live\B\S\R\C00R00_SW
102035310,Live\B\S\CC\C00R00_MU30_SW,Live\B\S\R\C00R00_SW
102035311,Live\B\S\CC\C00R00_MU90_SW,Live\B\S\R\C00R00_SW
102035313,Live\B\S\CC\C00R00_MU90_SW,Live\B\S\R\C00R00_SW
102035314,Live\HT_R_LL_1,Live\B\S\R\C00R00_SW
102035316,Live\AGNT,Live\B\S\R\C00R00_SW
102035318,Live\B\S\CC\C00R00_MU90_SW,Live\B\S\R\C00R00_SW
102035319,Live\HT_R_LL_1,Live\B\S\R\C00R00_SW
102035320,Live\B\S\CC\C00R00_MU90_SW,Live\B\S\R\C00R00_SW
102035321,Live\B\S\CC\C00R00_MU90,Live\B\S\R\C00R00_SW
102035322,Live\B\S\CC\C00R00_MU90_SW,Live\B\S\R\C00R00_SW
102035324,Live\B\S\CC\C00R00_MU90_SW,Live\B\S\R\C00R00_SW
102035315,Live\A\E\IB\C09R00_MU03_XAU_SW,Live\B\S\R\C00R00_SW
102035326,Live\B\S\CC\C00R00_MU30_SW,Live\B\S\R\C00R00_SW
102035327,Live\B\S\CC\C00R00_MU90_SW,Live\B\S\R\C00R00_SW
102035328,Live\B\S\CC\C00R00_MU90_SW,Live\B\S\R\C00R00_SW
102035329,Live\B\S\CC\C00R00_MU90_SW,Live\B\S\R\C00R00_SW
102035331,Live\B\S\CC\C00R00_MU90_SW,Live\B\S\R\C00R00_SW
102035325,Live\B\S\R\C00R00,Live\B\S\R\C00R00_SW
102035335,Live\B\S\CC\C00R00_MU30,Live\B\S\R\C00R00_SW
102035332,Live\B\S\CC\C00R00_MU90_SW,Live\B\S\R\C00R00_SW
102035333,Live\B\S\CC\C00R00_MU90_SW,Live\B\S\R\C00R00_SW
102035336,Live\B\S\CC\C00R00_MU90_SW,Live\B\S\R\C00R00_SW
102035338,Live\B\S\CC\C00R00_MU90_SW,Live\B\S\R\C00R00_SW
102035340,Live\B\S\CC\C00R00_MU90_SW,Live\B\S\R\C00R00_SW
102035343,Live\B\S\CC\C00R00_MU90,Live\B\S\R\C00R00_SW
102035346,Live\B\S\CC\C00R00_SW,Live\B\S\R\C00R00_SW
102035347,Live\HT_R_LL_1,Live\B\S\R\C00R00_SW
102035349,Live\B\S\CC\C00R00_MU90_SW,Live\B\S\R\C00R00_SW
102035350,Live\B\S\CC\C00R00_MU90_SW,Live\B\S\R\C00R00_SW
102035352,Live\B\S\CC\C00R00_MU90_SW,Live\B\S\R\C00R00_SW
102035339,Live\B\S\CC\C00R00_MU90_SW,Live\B\S\R\C00R00_SW
102035354,Live\B\S\CC\C00R00_MU90,Live\B\S\R\C00R00_SW
102035355,Live\B\S\CC\C00R00_MU90_SW,Live\B\S\R\C00R00_SW
102035356,Live\HT_R_LL_1,Live\B\S\R\C00R00_SW
102035353,Live\B\S\CC\C00R00_MU90_SW,Live\B\S\R\C00R00_SW
102035357,Live\B\S\CC\C00R00_MU90_SW,Live\B\S\R\C00R00_SW
102035358,Live\HT_R_LL_1,Live\B\S\R\C00R00_SW
102035359,Live\HT_R_LL_1,Live\B\S\R\C00R00_SW
102035361,Live\B\S\R\C00R00,Live\B\S\R\C00R00_SW
102035360,Live\B\S\CC\C00R00_MU90_SW,Live\B\S\R\C00R00_SW
102035365,Live\A\E\IB\C09R00_MU03_XAU_SW,Live\B\S\R\C00R00_SW
102035364,Live\A\E\IB\C09R00_MU03_XAU_SW,Live\B\S\R\C00R00_SW
102035372,Live\B\S\CC\C00R00_MU90_SW,Live\B\S\R\C00R00_SW
102035374,Live\B\S\CC\C00R00_MU30_SW,Live\B\S\R\C00R00_SW
102035375,Live\B\S\CC\C00R00_MU30_SW,Live\B\S\R\C00R00_SW
102035371,Live\HT_R_LL_1,Live\B\S\R\C00R00_SW
102035373,Live\B\S\CC\C00R00_MU30_SW,Live\B\S\R\C00R00_SW
102035366,Live\A\E\IB\C09R00_MU03_XAU_SW,Live\B\S\R\C00R00_SW
102035376,Live\B\S\CC\C00R00_MU90_SW,Live\B\S\R\C00R00_SW
102035377,Live\HT_R_LL_1,Live\B\S\R\C00R00_SW
102035378,Live\B\S\CC\C00R00_MU30_SW,Live\B\S\R\C00R00_SW
102035379,Live\B\S\R\C00R00,Live\B\S\R\C00R00_SW
102035380,Live\B\S\R\C00R00,Live\B\S\R\C00R00_SW
102035381,Live\B\E\R\C05R00_SW,Live\B\S\R\C00R00_SW
102035384,Live\B\S\CC\C00R00_MU90_SW,Live\B\S\R\C00R00_SW
102035390,Live\AGNT,Live\B\S\R\C00R00_SW
102035391,Live\HT_R_LL_1,Live\B\S\R\C00R00_SW
102035393,Live\B\S\R\C00R00,Live\B\S\R\C00R00_SW
102035394,Live\B\S\IB\C00R00_MU20,Live\B\S\R\C00R00_SW
102035387,Live\AGNT,Live\B\S\R\C00R00_SW
102035386,Live\HT_R_LL_1,Live\B\S\R\C00R00_SW
102035389,Live\B\S\CC\C00R00_MU30_SW,Live\B\S\R\C00R00_SW
102035382,Live\B\S\R\C00R00,Live\B\S\R\C00R00_SW
102035395,Live\B\S\R\C00R00,Live\B\S\R\C00R00_SW
102035400,Live\B\S\CC\C00R00_MU90,Live\B\S\R\C00R00_SW
102035401,Live\HT_R_LL_1,Live\B\S\R\C00R00_SW
102035402,Live\B\S\CC\C00R00_MU90_SW,Live\B\S\R\C00R00_SW
102035403,Live\B\S\CC\C00R00_MU90_SW,Live\B\S\R\C00R00_SW
102035404,Live\A\E\IB\C09R00_MU03_XAU_SW,Live\B\S\R\C00R00_SW
102035405,Live\B\S\R\C00R00,Live\B\S\R\C00R00_SW
102035406,Live\B\S\CC\C00R00_MU90_SW,Live\B\S\R\C00R00_SW
102035408,Live\AGNT,Live\B\S\R\C00R00_SW
102035410,Live\HT_R_LL_1,Live\B\S\R\C00R00_SW
102035411,Live\B\S\CC\C00R00_MU90_SW,Live\B\S\R\C00R00_SW
102035407,Live\B\S\R\C00R00,Live\B\S\R\C00R00_SW
102035413,Live\B\S\CC\C00R00_MU90_SW,Live\B\S\R\C00R00_SW
102035414,Live\B\S\R\C00R00,Live\B\S\R\C00R00_SW
102035415,Live\B\S\CC\C00R00_MU90_SW,Live\B\S\R\C00R00_SW
102035416,Live\HT_R_LL_1,Live\B\S\R\C00R00_SW
102035417,Live\B\S\CC\C00R00_MU30_SW,Live\B\S\R\C00R00_SW
102035418,Live\B\S\CC\C00R00_MU90_SW,Live\B\S\R\C00R00_SW
102035419,Live\B\S\CC\C00R00_MU90_SW,Live\B\S\R\C00R00_SW
102035421,Live\B\S\R\C00R00,Live\B\S\R\C00R00_SW
102035409,Live\B\S\CC\C00R00_MU90_SW,Live\B\S\R\C00R00_SW
102035420,Live\B\S\R\C00R00,Live\B\S\R\C00R00_SW
102035422,Live\B\S\CC\C00R00_SW,Live\B\S\R\C00R00_SW
102035423,Live\B\S\R\C00R00,Live\B\S\R\C00R00_SW
102035424,Live\B\S\CC\C00R00_MU90_SW,Live\B\S\R\C00R00_SW
102035425,Live\B\S\CC\C00R00_MU90_SW,Live\B\S\R\C00R00_SW
102035428,Live\B\S\CC\C00R00_MU90_SW,Live\B\S\R\C00R00_SW
102035429,Live\B\S\CC\C00R00_MU90,Live\B\S\R\C00R00_SW
102035426,Live\B\S\CC\C00R00_MU90_SW,Live\B\S\R\C00R00_SW
102035430,Live\B\S\R\C00R00,Live\B\S\R\C00R00_SW
102035431,Live\B\S\CC\C00R00_MU90_SW,Live\B\S\R\C00R00_SW
102035432,Live\HT_R_LL_1,Live\B\S\R\C00R00_SW
102035433,Live\B\S\CC\C00R00_MU90_SW,Live\B\S\R\C00R00_SW
102035435,Live\B\S\CC\C00R00_SW,Live\B\S\R\C00R00_SW
102035437,Live\B\S\CC\C00R00_MU90_SW,Live\B\S\R\C00R00_SW
102035438,Live\B\S\CC\C00R00_MU90_SW,Live\B\S\R\C00R00_SW
102035439,Live\B\S\CC\C00R00_MU90_SW,Live\B\S\R\C00R00_SW
102035440,Live\B\S\IB\C00R00_SW,Live\B\S\R\C00R00_SW
102035441,Live\B\S\R\C00R00,Live\B\S\R\C00R00_SW
102035443,Live\B\S\CC\C00R00_MU90_SW,Live\B\S\R\C00R00_SW
102035448,Live\B\S\CC\C00R00_MU90_SW,Live\B\S\R\C00R00_SW
102035449,Live\B\S\CC\C00R00_MU90_SW,Live\B\S\R\C00R00_SW
102035450,Live\B\S\CC\C00R00_MU90_SW,Live\B\S\R\C00R00_SW
102035452,Live\B\S\CC\C00R00_MU90_SW,Live\B\S\R\C00R00_SW
102035442,Live\B\S\CC\C00R00_MU30_SW,Live\B\S\R\C00R00_SW
102035453,Live\HT_R_LL_1,Live\B\S\R\C00R00_SW
102035454,Live\B\S\CC\C00R00_MU30_SW,Live\B\S\R\C00R00_SW
102035455,Live\B\S\CC\C00R00_MU90_SW,Live\B\S\R\C00R00_SW
102035447,Live\B\S\CC\C00R00_MU90_SW,Live\B\S\R\C00R00_SW
102035457,Live\B\S\CC\C00R00_MU90_SW,Live\B\S\R\C00R00_SW
102035458,Live\B\S\CC\C00R00_MU90_SW,Live\B\S\R\C00R00_SW
102035461,Live\B\S\CC\C00R00_MU30_SW,Live\B\S\R\C00R00_SW
102035462,Live\HT_R_LL_1,Live\B\S\R\C00R00_SW
102035463,Live\B\S\R\C00R00,Live\B\S\R\C00R00_SW
102035456,Live\B\S\CC\C00R00_MU90_SW,Live\B\S\R\C00R00_SW
102035465,Live\B\S\CC\C00R00_MU30_SW,Live\B\S\R\C00R00_SW
102035466,Live\B\S\CC\C00R00_MU90,Live\B\S\R\C00R00_SW
102035467,Live\HT_R_LL_1,Live\B\S\R\C00R00_SW
102035468,Live\B\S\CC\C00R00_MU90_SW,Live\B\S\R\C00R00_SW
102035469,Live\B\S\CC\C00R00_MU90_SW,Live\B\S\R\C00R00_SW
102035473,Live\B\S\CC\C00R00_MU90_SW,Live\B\S\R\C00R00_SW
102035475,Live\B\S\R\C00R00,Live\B\S\R\C00R00_SW
102035476,Live\B\S\R\C00R00,Live\B\S\R\C00R00_SW
102035483,Live\B\S\CC\C00R00_MU90_SW,Live\B\S\R\C00R00_SW
102035484,Live\B\S\CC\C00R00_MU90_SW,Live\B\S\R\C00R00_SW
102035477,Live\B\S\R\C00R00,Live\B\S\R\C00R00_SW
102035479,Live\B\S\CC\C00R00_MU30_SW,Live\B\S\R\C00R00_SW
102035486,Live\B\S\CC\C00R00_MU90_SW,Live\B\S\R\C00R00_SW
102035472,Live\B\S\CC\C00R00_MU90_SW,Live\B\S\R\C00R00_SW
102035487,Live\B\S\CC\C00R00_MU90_SW,Live\B\S\R\C00R00_SW
102035490,Live\B\S\CC\C00R00_MU90_SW,Live\B\S\R\C00R00_SW
102035485,Live\HT_R_LL_1,Live\B\S\R\C00R00_SW
102035491,Live\B\S\R\C00R00,Live\B\S\R\C00R00_SW
102035492,Live\B\S\R\C00R00,Live\B\S\R\C00R00_SW
102035494,Live\B\S\R\C00R00,Live\B\S\R\C00R00_SW
102035496,Live\B\S\CC\C00R00_MU90_SW,Live\B\S\R\C00R00_SW
102035497,Live\B\S\CC\C00R00_MU90_SW,Live\B\S\R\C00R00_SW
102035499,Live\B\S\CC\C00R00_MU90_SW,Live\B\S\R\C00R00_SW
102035500,Live\B\S\IB\C00R00,Live\B\S\R\C00R00_SW
102035501,Live\B\S\CC\C00R00_MU90_SW,Live\B\S\R\C00R00_SW
102035503,Live\B\S\R\C00R00,Live\B\S\R\C00R00_SW
102035504,Live\B\S\CC\C00R00_MU90_SW,Live\B\S\R\C00R00_SW
102035505,Live\B\S\CC\C00R00_MU90_SW,Live\B\S\R\C00R00_SW
102035506,Live\B\S\CC\C00R00_MU90_SW,Live\B\S\R\C00R00_SW
102035507,Live\B\S\CC\C00R00_MU90_SW,Live\B\S\R\C00R00_SW
102035508,Live\B\S\CC\C00R00_MU90_SW,Live\B\S\R\C00R00_SW
102035509,Live\B\S\CC\C00R00_MU90_SW,Live\B\S\R\C00R00_SW
102035510,Live\B\S\CC\C00R00_SW,Live\B\S\R\C00R00_SW
102035502,Live\B\S\CC\C00R00_MU90_SW,Live\B\S\R\C00R00_SW
102035511,Live\B\S\CC\C00R00_MU90_SW,Live\B\S\R\C00R00_SW
102035512,Live\HT_R_LL_1,Live\B\S\R\C00R00_SW
102035515,Live\HT_R_LL_1,Live\B\S\R\C00R00_SW
102035516,Live\B\S\CC\C00R00_MU90_SW,Live\B\S\R\C00R00_SW
102035518,Live\B\S\CC\C00R00_MU90_SW,Live\B\S\R\C00R00_SW
102035519,Live\B\S\R\C00R00,Live\B\S\R\C00R00_SW
102035520,Live\B\S\R\C00R00,Live\B\S\R\C00R00_SW
102035521,Live\HT_R_LL_1,Live\B\S\R\C00R00_SW
102035525,Live\B\S\CC\C00R00_MU90_SW,Live\B\S\R\C00R00_SW
102035526,Live\B\S\CC\C00R00_MU90_SW,Live\B\S\R\C00R00_SW
102035527,Live\B\S\R\C00R00,Live\B\S\R\C00R00_SW
102035528,Live\B\S\CC\C00R00_MU90_SW,Live\B\S\R\C00R00_SW
102035529,Live\B\S\CC\C00R00_MU90_SW,Live\B\S\R\C00R00_SW
102035530,Live\B\S\CC\C00R00_MU90_SW,Live\B\S\R\C00R00_SW
102035531,Live\HT_R_LL_1,Live\B\S\R\C00R00_SW
102035532,Live\B\S\CC\C00R00_MU90_SW,Live\B\S\R\C00R00_SW
102035533,Live\B\S\CC\C00R00_MU30,Live\B\S\R\C00R00_SW
102035534,Live\B\S\R\C00R00,Live\B\S\R\C00R00_SW
102035514,Live\HT_R_LL_1,Live\B\S\R\C00R00_SW
102035536,Live\HT_R_LL_1,Live\B\S\R\C00R00_SW
102035538,Live\B\S\R\C00R00,Live\B\S\R\C00R00_SW
102035539,Live\B\S\R\C00R00,Live\B\S\R\C00R00_SW
102035540,Live\B\S\IB\C00R00_MU20,Live\B\S\R\C00R00_SW
102035542,Live\B\S\CC\C00R00_MU90_SW,Live\B\S\R\C00R00_SW
102035543,Live\B\S\CC\C00R00_MU90_SW,Live\B\S\R\C00R00_SW
102035545,Live\B\S\CC\C00R00_SW,Live\B\S\R\C00R00_SW
102035546,Live\B\S\R\C00R00,Live\B\S\R\C00R00_SW
102035547,Live\B\S\CC\C00R00_MU30,Live\B\S\R\C00R00_SW
102035548,Live\HT_R_LL_1,Live\B\S\R\C00R00_SW
102035552,Live\B\S\CC\C00R00_MU90_SW,Live\B\S\R\C00R00_SW
102035553,Live\B\S\CC\C00R00_MU90_SW,Live\B\S\R\C00R00_SW
102035554,Live\B\S\R\C00R00,Live\B\S\R\C00R00_SW
102035550,Live\B\S\CC\C00R00_MU30_SW,Live\B\S\R\C00R00_SW
102035555,Live\HT_R_LL_1,Live\B\S\R\C00R00_SW
102035558,Live\B\S\CC\C00R00_MU90_SW,Live\B\S\R\C00R00_SW
102035561,Live\B\S\CC\C00R00_MU90_SW,Live\B\S\R\C00R00_SW
102035563,Live\B\S\CC\C00R00_MU90_SW,Live\B\S\R\C00R00_SW
102035565,Live\B\S\CC\C00R00_MU90_SW,Live\B\S\R\C00R00_SW
102035570,Live\B\S\CC\C00R00_MU90_SW,Live\B\S\R\C00R00_SW
102035572,Live\B\S\CC\C00R00_MU30_SW,Live\B\S\R\C00R00_SW
102035573,Live\B\S\CC\C00R00_SW,Live\B\S\R\C00R00_SW
102035574,Live\HT_R_LL_1,Live\B\S\R\C00R00_SW
102035566,Live\HT_R_LL_1,Live\B\S\R\C00R00_SW
102035567,Live\B\S\CC\C00R00_MU90_SW,Live\B\S\R\C00R00_SW
102035559,Live\B\S\CC\C00R00_MU90_SW,Live\B\S\R\C00R00_SW
102035575,Live\B\S\IB\C00R00_MU20,Live\B\S\R\C00R00_SW
102035576,Live\B\S\CC\C00R00_MU90_SW,Live\B\S\R\C00R00_SW
102035577,Live\B\S\CC\C00R00_MU90_SW,Live\B\S\R\C00R00_SW
102035578,Live\B\S\CC\C00R00_MU90_SW,Live\B\S\R\C00R00_SW
102035580,Live\B\S\R\C00R00,Live\B\S\R\C00R00_SW
102035583,Live\B\S\CC\C00R00_MU90_SW,Live\B\S\R\C00R00_SW
102035584,Live\B\S\R\C00R00,Live\B\S\R\C00R00_SW
102035593,Live\B\S\IB\C00R00_MU20,Live\B\S\R\C00R00_SW
102035596,Live\B\S\CC\C00R00_MU90_SW,Live\B\S\R\C00R00_SW
102035597,Live\B\S\CC\C00R00_MU90_SW,Live\B\S\R\C00R00_SW
102035598,Live\B\S\CC\C00R00_MU90_SW,Live\B\S\R\C00R00_SW
102035594,Live\HT_R_LL_1,Live\B\S\R\C00R00_SW
102035595,Live\B\S\R\C00R00,Live\B\S\R\C00R00_SW
102035599,Live\B\S\R\C00R00,Live\B\S\R\C00R00_SW
102035601,Live\B\S\CC\C00R00_MU90_SW,Live\B\S\R\C00R00_SW
102035585,Live\B\S\R\C00R00,Live\B\S\R\C00R00_SW
102035602,Live\HT_R_LL_1,Live\B\S\R\C00R00_SW
102035603,Live\HT_R_LL_1,Live\B\S\R\C00R00_SW
102035604,Live\B\S\CC\C00R00_MU90_SW,Live\B\S\R\C00R00_SW
102035606,Live\B\S\CC\C00R00_MU90,Live\B\S\R\C00R00_SW
102035607,Live\B\S\R\C00R00,Live\B\S\R\C00R00_SW
102035616,Live\B\S\R\C00R00,Live\B\S\R\C00R00_SW
102035608,Live\B\S\CC\C00R00_MU90_SW,Live\B\S\R\C00R00_SW
102035609,Live\B\S\CC\C00R00_MU90_SW,Live\B\S\R\C00R00_SW
102035612,Live\B\S\CC\C00R00_MU90_SW,Live\B\S\R\C00R00_SW
102035610,Live\B\S\CC\C00R00_MU90_SW,Live\B\S\R\C00R00_SW
102035617,Live\B\S\CC\C00R00_MU90_SW,Live\B\S\R\C00R00_SW
102035611,Live\B\S\CC\C00R00_MU90_SW,Live\B\S\R\C00R00_SW
102035623,Live\B\S\R\C00R00,Live\B\S\R\C00R00_SW
102035624,Live\HT_R_LL_1,Live\B\S\R\C00R00_SW
102035614,Live\B\S\IB\C00R00_MU20,Live\B\S\R\C00R00_SW
102035619,Live\B\S\R\C00R00,Live\B\S\R\C00R00_SW
102035620,Live\B\S\CC\C00R00_MU90_SW,Live\B\S\R\C00R00_SW
102035625,Live\HT_R_LL_1,Live\B\S\R\C00R00_SW
102035621,Live\B\S\CC\C00R00_MU90_SW,Live\B\S\R\C00R00_SW
102035622,Live\B\S\CC\C00R00_MU90_SW,Live\B\S\R\C00R00_SW
102035626,Live\HT_R_LL_1,Live\B\S\R\C00R00_SW
102035627,Live\HT_R_LL_1,Live\B\S\R\C00R00_SW
102035628,Live\AGNT,Live\B\S\R\C00R00_SW
102035630,Live\B\S\CC\C00R00_MU90_SW,Live\B\S\R\C00R00_SW
102035634,Live\B\S\IB\C00R00_MU10,Live\B\S\R\C00R00_SW
102035633,Live\B\S\CC\C00R00_MU90_SW,Live\B\S\R\C00R00_SW
102035635,Live\B\S\R\C00R00,Live\B\S\R\C00R00_SW
102035641,Live\B\S\CC\C00R00_MU90_SW,Live\B\S\R\C00R00_SW
102035644,Live\B\S\CC\C00R00_MU30_SW,Live\B\S\R\C00R00_SW
102035637,Live\B\S\CC\C00R00_MU90_NET_SW,Live\B\S\R\C00R00_SW
102035645,Live\B\S\CC\C00R00_MU90_SW,Live\B\S\R\C00R00_SW
102035636,Live\B\S\CC\C00R00_MU90_SW,Live\B\S\R\C00R00_SW
102035638,Live\B\S\CC\C00R00_MU90_SW,Live\B\S\R\C00R00_SW
102035650,Live\B\S\CC\C00R00_MU90_SW,Live\B\S\R\C00R00_SW
102035651,Live\HT_R_LL_1,Live\B\S\R\C00R00_SW
102035653,Live\B\S\R\C00R00,Live\B\S\R\C00R00_SW
102035646,Live\B\S\CC\C00R00_MU90_SW,Live\B\S\R\C00R00_SW
102035654,Live\B\S\CC\C00R00_MU90_SW,Live\B\S\R\C00R00_SW
102035655,Live\B\S\CC\C00R00_MU90_SW,Live\B\S\R\C00R00_SW
102035665,Live\A\E\IB\C09R00_MU03_XAU_SW,Live\B\S\R\C00R00_SW
102035668,Live\A\E\IB\C09R00_MU03_XAU_SW,Live\B\S\R\C00R00_SW
102035672,Live\A\E\IB\C09R00_MU03_XAU_SW,Live\B\S\R\C00R00_SW
102035674,Live\A\E\IB\C09R00_MU03_XAU_SW,Live\B\S\R\C00R00_SW
102035675,Live\A\E\IB\C09R00_MU03_XAU_SW,Live\B\S\R\C00R00_SW
102035667,Live\A\E\IB\C09R00_MU03_XAU_SW,Live\B\S\R\C00R00_SW
102035673,Live\A\E\IB\C09R00_MU03_XAU_SW,Live\B\S\R\C00R00_SW
102035676,Live\A\E\IB\C09R00_MU03_XAU_SW,Live\B\S\R\C00R00_SW
102035679,Live\B\S\CC\C00R00_MU30_SW,Live\B\S\R\C00R00_SW
102035680,Live\A\E\IB\C09R00_MU03_XAU_SW,Live\B\S\R\C00R00_SW
102035681,Live\B\S\R\C00R00,Live\B\S\R\C00R00_SW
102035682,Live\B\S\CC\C00R00_MU90_SW,Live\B\S\R\C00R00_SW
102035666,Live\A\E\IB\C09R00_MU03_XAU_SW,Live\B\S\R\C00R00_SW
102035683,Live\B\S\CC\C00R00_MU90_SW,Live\B\S\R\C00R00_SW
102035693,Live\B\S\CC\C00R00_MU90,Live\B\S\R\C00R00_SW
102035694,Live\B\S\R\C00R00,Live\B\S\R\C00R00_SW
102035697,Live\B\S\CC\C00R00_MU90_SW,Live\B\S\R\C00R00_SW
102035691,Live\HT_R_LL_1,Live\B\S\R\C00R00_SW
102035699,Live\B\S\CC\C00R00_MU90_SW,Live\B\S\R\C00R00_SW
102035688,Live\B\S\CC\C00R00_MU30_SW,Live\B\S\R\C00R00_SW
102035686,Live\B\S\CC\C00R00_MU90_SW,Live\B\S\R\C00R00_SW
102035702,Live\B\S\R\C00R00,Live\B\S\R\C00R00_SW
102035690,Live\B\S\R\C00R00,Live\B\S\R\C00R00_SW
102035701,Live\B\S\R\C00R00,Live\B\S\R\C00R00_SW
102035703,Live\B\S\CC\C00R00_MU90_SW,Live\B\S\R\C00R00_SW
102035704,Live\B\S\IB\C00R00_MU10,Live\B\S\R\C00R00_SW
102035705,Live\B\S\CC\C00R00_MU90_SW,Live\B\S\R\C00R00_SW
102035706,Live\B\S\CC\C00R00_MU90_SW,Live\B\S\R\C00R00_SW
102035707,Live\B\S\CC\C00R00_MU90_SW,Live\B\S\R\C00R00_SW
102035709,Live\B\S\CC\C00R00_SW,Live\B\S\R\C00R00_SW
102035711,Live\B\S\CC\C00R00_MU90_SW,Live\B\S\R\C00R00_SW
102035712,Live\HT_R_LL_1,Live\B\S\R\C00R00_SW
102035710,Live\HT_R_LL_1,Live\B\S\R\C00R00_SW
102035715,Live\B\S\CC\C00R00_MU90_SW,Live\B\S\R\C00R00_SW
102035713,Live\B\S\CC\C00R00_MU90_SW,Live\B\S\R\C00R00_SW
102035714,Live\B\S\CC\C00R00_MU90_SW,Live\B\S\R\C00R00_SW
102035716,Live\B\S\R\C00R00,Live\B\S\R\C00R00_SW
102035717,Live\HT_R_LL_1,Live\B\S\R\C00R00_SW
102035726,Live\B\S\CC\C00R00_MU90_SW,Live\B\S\R\C00R00_SW
102035727,Live\B\S\CC\C00R00_MU30,Live\B\S\R\C00R00_SW
102035729,Live\B\S\CC\C00R00_MU90_SW,Live\B\S\R\C00R00_SW
102035719,Live\HT_R_LL_1,Live\B\S\R\C00R00_SW
102035721,Live\B\S\R\C00R00,Live\B\S\R\C00R00_SW
102035730,Live\HT_R_LL_1,Live\B\S\R\C00R00_SW
102035720,Live\B\S\CC\C00R00_MU90_SW,Live\B\S\R\C00R00_SW
102035718,Live\B\S\CC\C00R00_MU90_SW,Live\B\S\R\C00R00_SW
102035724,Live\B\S\R\C00R00,Live\B\S\R\C00R00_SW
102035732,Live\B\S\CC\C00R00_MU30_SW,Live\B\S\R\C00R00_SW
102035722,Live\B\S\R\C00R00,Live\B\S\R\C00R00_SW
102035733,Live\HT_R_LL_1,Live\B\S\R\C00R00_SW
102035737,Live\B\S\CC\C00R00_MU90_SW,Live\B\S\R\C00R00_SW
102035731,Live\HT_R_LL_1,Live\B\S\R\C00R00_SW
102035739,Live\B\S\CC\C00R00_MU90_SW,Live\B\S\R\C00R00_SW
102035741,Live\B\S\CC\C00R00_MU90_SW,Live\B\S\R\C00R00_SW
102035738,Live\B\S\CC\C00R00_MU90_SW,Live\B\S\R\C00R00_SW
102035744,Live\B\S\R\C00R00,Live\B\S\R\C00R00_SW
102035747,Live\B\S\CC\C00R00_SW,Live\B\S\R\C00R00_SW
102035749,Live\B\S\R\C00R00,Live\B\S\R\C00R00_SW
102035750,Live\B\S\R\C00R00,Live\B\S\R\C00R00_SW
102035752,Live\B\S\CC\C00R00_MU90_SW,Live\B\S\R\C00R00_SW
102035760,Live\HT_R_LL_1,Live\B\S\R\C00R00_SW
102035755,Live\B\S\CC\C00R00_SW,Live\B\S\R\C00R00_SW
102035754,Live\B\S\R\C00R00,Live\B\S\R\C00R00_SW
102035740,Live\B\S\CC\C00R00_MU90_SW,Live\B\S\R\C00R00_SW
102035743,Live\B\S\CC\C00R00_MU90_SW,Live\B\S\R\C00R00_SW
102035757,Live\AGNT,Live\B\S\R\C00R00_SW
102035751,Live\HT_R_LL_1,Live\B\S\R\C00R00_SW
102035763,Live\HT_R_LL_1,Live\B\S\R\C00R00_SW
102035761,Live\B\S\CC\C00R00_MU90_SW,Live\B\S\R\C00R00_SW
102035759,Live\HT_R_LL_1,Live\B\S\R\C00R00_SW
102035766,Live\HT_R_LL_1,Live\B\S\R\C00R00_SW
102035768,Live\B\S\CC\C00R00_MU90_SW,Live\B\S\R\C00R00_SW
102035770,Live\B\S\CC\C00R00_MU90_SW,Live\B\S\R\C00R00_SW
102035771,Live\B\S\CC\C00R00_MU90_SW,Live\B\S\R\C00R00_SW
102035772,Live\B\S\CC\C00R00_MU90_SW,Live\B\S\R\C00R00_SW
102035773,Live\B\S\CC\C00R00_MU90_SW,Live\B\S\R\C00R00_SW
102035774,Live\B\S\CC\C00R00_MU90_SW,Live\B\S\R\C00R00_SW
102035777,Live\B\S\CC\C00R00_MU90_SW,Live\B\S\R\C00R00_SW
102035779,Live\B\S\CC\C00R00_MU90_SW,Live\B\S\R\C00R00_SW
102035778,Live\B\S\R\C00R00,Live\B\S\R\C00R00_SW
102035785,Live\B\S\CC\C00R00_MU90_SW,Live\B\S\R\C00R00_SW
102035786,Live\B\S\CC\C00R00_MU90_SW,Live\B\S\R\C00R00_SW
102035783,Live\B\S\CC\C00R00_MU90_SW,Live\B\S\R\C00R00_SW
102035788,Live\B\S\CC\C00R00_MU90_SW,Live\B\S\R\C00R00_SW
102035796,Live\B\S\CC\C00R00_MU90_SW,Live\B\S\R\C00R00_SW
102035797,Live\B\S\CC\C00R00_MU90_SW,Live\B\S\R\C00R00_SW
102035790,Live\B\S\CC\C00R00_MU90_SW,Live\B\S\R\C00R00_SW
102035789,Live\B\S\R\C00R00,Live\B\S\R\C00R00_SW
102035798,Live\B\S\CC\C00R00_MU90_SW,Live\B\S\R\C00R00_SW
102035808,Live\B\S\CC\C00R00_MU90_SW,Live\B\S\R\C00R00_SW
102035802,Live\B\S\R\C00R00,Live\B\S\R\C00R00_SW
102035804,Live\B\S\CC\C00R00_MU90_SW,Live\B\S\R\C00R00_SW
102035805,Live\HT_R_LL_1,Live\B\S\R\C00R00_SW
102035806,Live\B\S\CC\C00R00_MU90_SW,Live\B\S\R\C00R00_SW
102035799,Live\B\S\CC\C00R00_MU90_SW,Live\B\S\R\C00R00_SW
102035800,Live\B\S\CC\C00R00_MU90_SW,Live\B\S\R\C00R00_SW
102035801,Live\B\S\R\C00R00,Live\B\S\R\C00R00_SW
102035807,Live\B\S\CC\C00R00_MU90_SW,Live\B\S\R\C00R00_SW
102035812,Live\B\S\R\C00R00,Live\B\S\R\C00R00_SW
102035809,Live\B\S\CC\C00R00_MU90_SW,Live\B\S\R\C00R00_SW
102035836,Live\B\S\CC\C00R00_MU90_SW,Live\B\S\R\C00R00_SW
102035839,Live\B\S\R\C00R00,Live\B\S\R\C00R00_SW
102035842,Live\B\S\R\C00R00,Live\B\S\R\C00R00_SW
102035814,Live\B\S\CC\C00R00_MU90_SW,Live\B\S\R\C00R00_SW
102035816,Live\B\S\R\C00R00,Live\B\S\R\C00R00_SW
102035826,Live\B\S\CC\C00R00_MU90_SW,Live\B\S\R\C00R00_SW
102035844,Live\B\S\CC\C00R00_MU90_SW,Live\B\S\R\C00R00_SW
102035827,Live\B\S\CC\C00R00_MU90_SW,Live\B\S\R\C00R00_SW
102035830,Live\B\S\CC\C00R00_MU90_SW,Live\B\S\R\C00R00_SW
102035856,Live\B\S\CC\C00R00_MU90_SW,Live\B\S\R\C00R00_SW
102035825,Live\B\S\R\C00R00,Live\B\S\R\C00R00_SW
102035857,Live\B\S\R\C00R00,Live\B\S\R\C00R00_SW
102035858,Live\B\S\CC\C00R00_MU90_SW,Live\B\S\R\C00R00_SW
102035860,Live\B\S\CC\C00R00_MU90_SW,Live\B\S\R\C00R00_SW
102035861,Live\B\S\CC\C00R00_MU90_SW,Live\B\S\R\C00R00_SW
102035862,Live\B\S\CC\C00R00_MU90_SW,Live\B\S\R\C00R00_SW
102035863,Live\B\S\CC\C00R00_MU90_SW,Live\B\S\R\C00R00_SW
102035854,Live\B\S\R\C00R00,Live\B\S\R\C00R00_SW
102035866,Live\B\S\CC\C00R00_MU90_SW,Live\B\S\R\C00R00_SW
102035868,Live\B\S\CC\C00R00_MU90_SW,Live\B\S\R\C00R00_SW
102035871,Live\B\S\CC\C00R00_MU90_SW,Live\B\S\R\C00R00_SW
102035872,Live\B\S\R\C00R00,Live\B\S\R\C00R00_SW
102035873,Live\B\S\CC\C00R00_MU90_SW,Live\B\S\R\C00R00_SW
102035874,Live\B\S\CC\C00R00_MU90_SW,Live\B\S\R\C00R00_SW
102035876,Live\B\S\CC\C00R00_MU90_SW,Live\B\S\R\C00R00_SW
102035864,Live\B\S\CC\C00R00_MU90_SW,Live\B\S\R\C00R00_SW
102035870,Live\B\S\CC\C00R00_MU30,Live\B\S\R\C00R00_SW
102035879,Live\B\S\CC\C00R00_MU90_SW,Live\B\S\R\C00R00_SW
102035880,Live\B\S\CC\C00R00_MU90_SW,Live\B\S\R\C00R00_SW
102035881,Live\B\S\CC\C00R00_MU90,Live\B\S\R\C00R00_SW
102035877,Live\B\S\R\C00R00,Live\B\S\R\C00R00_SW
102035878,Live\B\S\CC\C00R00_MU90_SW,Live\B\S\R\C00R00_SW
102035882,Live\B\S\CC\C00R00_MU90_SW,Live\B\S\R\C00R00_SW
102035883,Live\B\S\CC\C00R00_MU30_SW,Live\B\S\R\C00R00_SW
102035885,Live\B\S\R\C00R00,Live\B\S\R\C00R00_SW
102035884,Live\B\S\R\C00R00,Live\B\S\R\C00R00_SW
102035887,Live\B\S\R\C00R00,Live\B\S\R\C00R00_SW
102035889,Live\B\S\CC\C00R00_MU90,Live\B\S\R\C00R00_SW
102035892,Live\B\S\CC\C00R00_MU90_SW,Live\B\S\R\C00R00_SW
102035898,Live\B\S\CC\C00R00_MU90_SW,Live\B\S\R\C00R00_SW
102035900,Live\B\S\CC\C00R00_MU30,Live\B\S\R\C00R00_SW
102035893,Live\B\S\CC\C00R00_MU90_SW,Live\B\S\R\C00R00_SW
102035895,Live\B\S\CC\C00R00_MU90_SW,Live\B\S\R\C00R00_SW
102035891,Live\B\S\CC\C00R00_MU90_SW,Live\B\S\R\C00R00_SW
102035894,Live\B\S\CC\C00R00_MU90_SW,Live\B\S\R\C00R00_SW
102035897,Live\B\S\CC\C00R00_MU90_SW,Live\B\S\R\C00R00_SW
102035899,Live\B\S\CC\C00R00_MU90_SW,Live\B\S\R\C00R00_SW
102035902,Live\B\S\CC\C00R00_MU90_SW,Live\B\S\R\C00R00_SW
102035906,Live\B\S\CC\C00R00_MU90,Live\B\S\R\C00R00_SW
102035907,Live\B\S\R\C00R00,Live\B\S\R\C00R00_SW
102035910,Live\B\S\CC\C00R00_MU30_SW,Live\B\S\R\C00R00_SW
102035913,Live\B\S\R\C00R00,Live\B\S\R\C00R00_SW
102035915,Live\B\S\CC\C00R00_MU90_SW,Live\B\S\R\C00R00_SW
102035912,Live\B\S\R\C00R00,Live\B\S\R\C00R00_SW
102035917,Live\B\S\CC\C00R00_MU90_SW,Live\B\S\R\C00R00_SW
102035918,Live\B\S\CC\C00R00_MU90_SW,Live\B\S\R\C00R00_SW
102035903,Live\B\S\CC\C00R00_MU90_SW,Live\B\S\R\C00R00_SW
102035920,Live\B\S\R\C00R00,Live\B\S\R\C00R00_SW
102035922,Live\B\S\CC\C00R00_MU90,Live\B\S\R\C00R00_SW
102035911,Live\B\S\R\C00R00,Live\B\S\R\C00R00_SW
102035923,Live\B\S\CC\C00R00_SW,Live\B\S\R\C00R00_SW
102035924,Live\B\S\CC\C00R00_MU90_SW,Live\B\S\R\C00R00_SW
102035919,Live\B\S\CC\C00R00_MU90_SW,Live\B\S\R\C00R00_SW
102035925,Live\B\S\R\C00R00,Live\B\S\R\C00R00_SW
102035927,Live\B\S\CC\C00R00_MU90_SW,Live\B\S\R\C00R00_SW
102035932,Live\B\S\CC\C00R00_MU90_SW,Live\B\S\R\C00R00_SW
102035933,Live\B\S\CC\C00R00_MU30_SW,Live\B\S\R\C00R00_SW
102035934,Live\B\S\CC\C00R00_MU90_SW,Live\B\S\R\C00R00_SW
102035935,Live\B\S\CC\C00R00_MU30,Live\B\S\R\C00R00_SW
102035937,Live\B\S\CC\C00R00_MU90_SW,Live\B\S\R\C00R00_SW
102035938,Live\B\S\CC\C00R00_MU90_SW,Live\B\S\R\C00R00_SW
102035928,Live\B\S\CC\C00R00_MU90_SW,Live\B\S\R\C00R00_SW
102035931,Live\B\S\R\C00R00,Live\B\S\R\C00R00_SW
102035940,Live\B\S\CC\C00R00_MU90_SW,Live\B\S\R\C00R00_SW
102035942,Live\B\S\CC\C00R00_MU90_SW,Live\B\S\R\C00R00_SW
102035943,Live\B\S\CC\C00R00_MU90_SW,Live\B\S\R\C00R00_SW
102035945,Live\B\S\CC\C00R00_MU90_SW,Live\B\S\R\C00R00_SW
102035951,Live\B\S\CC\C00R00_MU90_SW,Live\B\S\R\C00R00_SW
102035952,Live\B\S\CC\C00R00_MU90_SW,Live\B\S\R\C00R00_SW
102035936,Live\B\S\CC\C00R00_MU90_SW,Live\B\S\R\C00R00_SW
102035953,Live\B\S\CC\C00R00_MU90_SW,Live\B\S\R\C00R00_SW
102035955,Live\HT_R_LL_1,Live\B\S\R\C00R00_SW
102035956,Live\B\S\CC\C00R00_MU90_SW,Live\B\S\R\C00R00_SW
102035965,Live\B\S\CC\C00R00_MU90_SW,Live\B\S\R\C00R00_SW
102035957,Live\HT_R_LL_1,Live\B\S\R\C00R00_SW
102035958,Live\B\S\CC\C00R00_MU90_SW,Live\B\S\R\C00R00_SW
102035963,Live\B\S\CC\C00R00_MU90_SW,Live\B\S\R\C00R00_SW
102035966,Live\B\S\CC\C00R00_MU90_SW,Live\B\S\R\C00R00_SW
102035961,Live\B\S\CC\C00R00_MU90_SW,Live\B\S\R\C00R00_SW
102035967,Live\B\S\CC\C00R00_MU90_SW,Live\B\S\R\C00R00_SW
102035969,Live\B\S\R\C00R00,Live\B\S\R\C00R00_SW
102035964,Live\B\S\R\C00R00,Live\B\S\R\C00R00_SW
102035968,Live\B\S\CC\C00R00_MU90_SW,Live\B\S\R\C00R00_SW
102035972,Live\B\S\CC\C00R00_MU90_SW,Live\B\S\R\C00R00_SW
102035974,Live\B\S\CC\C00R00_MU90_SW,Live\B\S\R\C00R00_SW
102035976,Live\B\S\R\C00R00,Live\B\S\R\C00R00_SW
102035971,Live\B\S\CC\C00R00_MU90_SW,Live\B\S\R\C00R00_SW
102035981,Live\B\S\CC\C00R00_MU90_SW,Live\B\S\R\C00R00_SW
102035982,Live\B\S\R\C00R00,Live\B\S\R\C00R00_SW
102035986,Live\HT_R_LL_1,Live\B\S\R\C00R00_SW
102035970,Live\B\S\CC\C00R00_MU90_SW,Live\B\S\R\C00R00_SW
102035990,Live\HT_R_LL_1,Live\B\S\R\C00R00_SW
102035991,Live\B\S\CC\C00R00_MU90_SW,Live\B\S\R\C00R00_SW
102035993,Live\B\S\CC\C00R00_MU90_SW,Live\B\S\R\C00R00_SW
102035978,Live\B\S\CC\C00R00_MU90_SW,Live\B\S\R\C00R00_SW
102035994,Live\B\S\CC\C00R00_MU90_SW,Live\B\S\R\C00R00_SW
102035988,Live\B\S\CC\C00R00_MU90_SW,Live\B\S\R\C00R00_SW
102035987,Live\B\S\CC\C00R00_MU90_SW,Live\B\S\R\C00R00_SW
102035997,Live\B\S\R\C00R00,Live\B\S\R\C00R00_SW
102036001,Live\B\S\R\C00R00,Live\B\S\R\C00R00_SW
102036010,Live\B\S\R\C00R00,Live\B\S\R\C00R00_SW
102036007,Live\B\S\R\C00R00,Live\B\S\R\C00R00_SW
102035995,Live\B\S\CC\C00R00_MU90_SW,Live\B\S\R\C00R00_SW
102035999,Live\B\S\R\C00R00,Live\B\S\R\C00R00_SW
102036013,Live\B\S\CC\C00R00_MU90_SW,Live\B\S\R\C00R00_SW
102036020,Live\B\S\CC\C00R00_MU90_SW,Live\B\S\R\C00R00_SW
102036021,Live\B\S\CC\C00R00_MU90_SW,Live\B\S\R\C00R00_SW
102036011,Live\B\S\R\C00R00,Live\B\S\R\C00R00_SW
102036012,Live\B\S\R\C00R00,Live\B\S\R\C00R00_SW
102036022,Live\B\S\R\C00R00,Live\B\S\R\C00R00_SW
102036023,Live\B\S\CC\C00R00_MU90_SW,Live\B\S\R\C00R00_SW
102036019,Live\B\S\CC\C00R00_SW,Live\B\S\R\C00R00_SW
102036024,Live\B\S\CC\C00R00_SW,Live\B\S\R\C00R00_SW
102036025,Live\B\S\R\C00R00,Live\B\S\R\C00R00_SW
102036026,Live\B\S\R\C00R00,Live\B\S\R\C00R00_SW
102036027,Live\B\S\R\C00R00,Live\B\S\R\C00R00_SW
102036029,Live\B\S\R\C00R00,Live\B\S\R\C00R00_SW
102036031,Live\B\S\CC\C00R00_MU90_SW,Live\B\S\R\C00R00_SW
102036037,Live\B\S\CC\C00R00_MU90_SW,Live\B\S\R\C00R00_SW
102036034,Live\HT_R_LL_1,Live\B\S\R\C00R00_SW
102036032,Live\B\S\CC\C00R00_MU30_SW,Live\B\S\R\C00R00_SW
102036036,Live\AGNT,Live\B\S\R\C00R00_SW
102036028,Live\B\S\R\C00R00,Live\B\S\R\C00R00_SW
102036039,Live\B\S\CC\C00R00_MU90_SW,Live\B\S\R\C00R00_SW
102036043,Live\B\S\CC\C00R00_MU90_SW,Live\B\S\R\C00R00_SW
102036045,Live\B\S\CC\C00R00_MU90_SW,Live\B\S\R\C00R00_SW
102036048,Live\B\S\R\C00R00,Live\B\S\R\C00R00_SW
102036049,Live\B\S\R\C00R00,Live\B\S\R\C00R00_SW
102036055,Live\B\S\CC\C00R00_MU90_SW,Live\B\S\R\C00R00_SW
102036051,Live\B\S\CC\C00R00_MU90_SW,Live\B\S\R\C00R00_SW
102036050,Live\B\S\R\C00R00,Live\B\S\R\C00R00_SW
102036053,Live\B\S\CC\C00R00_MU90_SW,Live\B\S\R\C00R00_SW
102036056,Live\B\S\CC\C00R00_MU90_SW,Live\B\S\R\C00R00_SW
102036057,Live\B\S\CC\C00R00_MU90_SW,Live\B\S\R\C00R00_SW
102036058,Live\B\S\CC\C00R00_MU90_SW,Live\B\S\R\C00R00_SW
102036061,Live\B\S\R\C00R00,Live\B\S\R\C00R00_SW
102036062,Live\B\S\CC\C00R00_MU90_SW,Live\B\S\R\C00R00_SW
102036063,Live\B\S\CC\C00R00_MU90_SW,Live\B\S\R\C00R00_SW
102036064,Live\B\S\CC\C00R00_MU90_SW,Live\B\S\R\C00R00_SW
102036077,Live\B\S\CC\C00R00_MU90_SW,Live\B\S\R\C00R00_SW
102036078,Live\B\S\R\C00R00,Live\B\S\R\C00R00_SW
102036075,Live\B\S\R\C00R00,Live\B\S\R\C00R00_SW
102036065,Live\B\S\R\C00R00,Live\B\S\R\C00R00_SW
102036074,Live\B\S\CC\C00R00_MU90_SW,Live\B\S\R\C00R00_SW
102036080,Live\B\S\R\C00R00,Live\B\S\R\C00R00_SW
102036081,Live\B\S\CC\C00R00_MU90_SW,Live\B\S\R\C00R00_SW
102036082,Live\B\S\R\C00R00,Live\B\S\R\C00R00_SW
102036076,Live\HT_R_LL_1,Live\B\S\R\C00R00_SW
102036084,Live\B\S\R\C00R00,Live\B\S\R\C00R00_SW
102036085,Live\B\S\CC\C00R00_MU90_SW,Live\B\S\R\C00R00_SW
102036083,Live\B\S\CC\C00R00_MU90_SW,Live\B\S\R\C00R00_SW
102036086,Live\B\S\CC\C00R00_MU90_SW,Live\B\S\R\C00R00_SW
102036087,Live\B\S\CC\C00R00_MU90_SW,Live\B\S\R\C00R00_SW
102036104,Live\HT_R_LL_1,Live\B\S\R\C00R00_SW
102036106,Live\B\S\CC\C00R00_MU30_SW,Live\B\S\R\C00R00_SW
102036102,Live\B\S\CC\C00R00_MU90_SW,Live\B\S\R\C00R00_SW
102036103,Live\B\S\R\C00R00,Live\B\S\R\C00R00_SW
102036090,Live\B\S\CC\C00R00_MU90_SW,Live\B\S\R\C00R00_SW
102036097,Live\B\S\CC\C00R00_MU90_SW,Live\B\S\R\C00R00_SW
102036100,Live\B\S\CC\C00R00_MU90_SW,Live\B\S\R\C00R00_SW
102036108,Live\B\S\R\C00R00,Live\B\S\R\C00R00_SW
102036109,Live\B\S\CC\C00R00_MU90_SW,Live\B\S\R\C00R00_SW
102036107,Live\HT_R_LL_1,Live\B\S\R\C00R00_SW
102036111,Live\B\S\CC\C00R00_MU90_SW,Live\B\S\R\C00R00_SW
102036112,Live\B\S\CC\C00R00_MU90_SW,Live\B\S\R\C00R00_SW
102036113,Live\B\S\R\C00R00,Live\B\S\R\C00R00_SW
102036122,Live\B\S\CC\C00R00_MU90_SW,Live\B\S\R\C00R00_SW
102036124,Live\B\S\CC\C00R00_MU90_SW,Live\B\S\R\C00R00_SW
102036114,Live\B\S\CC\C00R00_MU90_SW,Live\B\S\R\C00R00_SW
102036116,Live\B\S\CC\C00R00_MU90_SW,Live\B\S\R\C00R00_SW
102036121,Live\B\S\R\C00R00,Live\B\S\R\C00R00_SW
102036118,Live\B\S\CC\C00R00_MU90_SW,Live\B\S\R\C00R00_SW
102036125,Live\B\S\CC\C00R00_MU90_SW,Live\B\S\R\C00R00_SW
102036127,Live\B\S\CC\C00R00_MU90_SW,Live\B\S\R\C00R00_SW
102036128,Live\B\S\CC\C00R00_MU90_SW,Live\B\S\R\C00R00_SW
102036129,Live\HT_R_LL_1,Live\B\S\R\C00R00_SW
102036130,Live\B\S\CC\C00R00_MU90_SW,Live\B\S\R\C00R00_SW
102036133,Live\B\S\CC\C00R00_MU90_SW,Live\B\S\R\C00R00_SW
102036134,Live\B\S\CC\C00R00_MU90_SW,Live\B\S\R\C00R00_SW
102036135,Live\B\S\R\C00R00,Live\B\S\R\C00R00_SW
102036137,Live\B\S\CC\C00R00_MU90_SW,Live\B\S\R\C00R00_SW
102036138,Live\B\S\CC\C00R00_MU90_SW,Live\B\S\R\C00R00_SW
102036140,Live\B\S\CC\C00R00_MU90_SW,Live\B\S\R\C00R00_SW
102036143,Live\B\S\R\C00R00,Live\B\S\R\C00R00_SW
102036145,Live\B\S\R\C00R00,Live\B\S\R\C00R00_SW
102036149,Live\B\S\R\C00R00,Live\B\S\R\C00R00_SW
102036151,Live\B\S\CC\C00R00_MU90_SW,Live\B\S\R\C00R00_SW
102036155,Live\AGNT,Live\B\S\R\C00R00_SW
102036136,Live\HT_R_LL_1,Live\B\S\R\C00R00_SW
102036156,Live\B\S\CC\C00R00_MU90_SW,Live\B\S\R\C00R00_SW
102036158,Live\B\S\CC\C00R00_MU90_SW,Live\B\S\R\C00R00_SW
102036159,Live\B\S\CC\C00R00_MU90_SW,Live\B\S\R\C00R00_SW
102036161,Live\B\S\CC\C00R00_MU90_SW,Live\B\S\R\C00R00_SW
102036162,Live\B\S\CC\C00R00_MU90_SW,Live\B\S\R\C00R00_SW
102036164,Live\B\S\CC\C00R00_MU90_SW,Live\B\S\R\C00R00_SW
102036165,Live\B\S\CC\C00R00_MU90_SW,Live\B\S\R\C00R00_SW
102036166,Live\B\S\CC\C00R00_MU90_SW,Live\B\S\R\C00R00_SW
